cid,uid,CAS No.,smiles,Toxicity (mg/L),species,Canonical_Smiles,pLD50,remove,pLD50-max,pLD50-min,pLD50-mean,pLD50-median,pLD50-final,outlier,label
984,3779,Endrin,ClC1=C(Cl)[C@@]2(Cl)[C@H]3[C@@H]4C[C@@H]([C@H]5O[C@@H]45)[C@H]3[C@]1(Cl)C2(Cl)Cl,0.00034,SHM,ClC1=C(Cl)[C@]2(Cl)[C@H]3[C@H]([C@@H]4C[C@H]3[C@H]3O[C@@H]43)[C@@]1(Cl)C2(Cl)Cl,3.468521083,,3.721246399,3.468521083,3.584159743,3.573435744,3.584159743,,0
828,3780,Guthion,COP(=S)(OC)SCN1N=Nc2ccccc2C1=O,0.00186,SHM,COP(=S)(OC)SCn1nnc2ccccc2c1=O,2.730487056,,2.730487056,1.498940738,2.170643189,2.387216143,2.170643189,,0
197,3781,Permethrin,CC1(C)C(C=C(Cl)Cl)C1C(=O)OCc2cccc(Oc3ccccc3)c2,0.0078,SHM,CC1(C)C(C=C(Cl)Cl)C1C(=O)OCc1cccc(Oc2ccccc2)c1,2.107905397,,3.207608311,1.903089987,2.56877107,2.522878745,2.56877107,,0
1726,3782,Toxaphene,ClCC1(CCl)C(=C)C2(Cl)C(Cl)C(Cl)C1(Cl)C2(Cl)Cl,0.0011,SHM,C=C1C(CCl)(CCl)C2(Cl)C(Cl)C(Cl)C1(Cl)C2(Cl)Cl,2.958607315,,2.958607315,2.301029996,2.656038391,2.682258127,2.656038391,,0
835,3783,Methoxychlor,COc1ccc(cc1)C(c2ccc(OC)cc2)C(Cl)(Cl)Cl,0.049,SHM,COc1ccc(C(c2ccc(OC)cc2)C(Cl)(Cl)Cl)cc1,1.30980392,,2.124938737,1.283996656,1.675263326,1.602059991,1.675263326,,0
324,3785,Captan,ClC(Cl)(Cl)SN1C(=O)C2CC=CCC2C1=O,1.9,SHM,O=C1C2CC=CCC2C(=O)N1SC(Cl)(Cl)Cl,-0.278753601,,1.187086643,-0.278753601,0.697503892,1.135488919,0.697503892,,0
1051,3786,Hexachlorocyclohexane (gamma isomer),Cl[C@@H]1[C@H](Cl)[C@@H](Cl)[C@H](Cl)[C@H](Cl)[C@H]1Cl,0.1039,SHM,Cl[C@H]1[C@H](Cl)[C@@H](Cl)[C@@H](Cl)[C@H](Cl)[C@H]1Cl,0.983384452,,1.744727495,0.983384452,1.422174457,1.48029294,1.422174457,,0
1040,3787,"CHLORDANE, TECHNICAL",Cl[C@@H]1C[C@H]2[C@@H]([C@H]1Cl)[C@]3(Cl)C(=C(Cl)[C@]2(Cl)C3(Cl)Cl)Cl,0.0125,SHM,ClC1=C(Cl)[C@@]2(Cl)[C@H]3[C@H](C[C@@H](Cl)[C@@H]3Cl)[C@@]1(Cl)C2(Cl)Cl,1.903089987,,2.537602002,1.605548319,1.941301735,1.81102831,1.941301735,,0
268,3789,Sodium pentachlorophenate,[O-]c1c(Cl)c(Cl)c(Cl)c(Cl)c1Cl,0.516,SHM,Oc1c(Cl)c(Cl)c(Cl)c(Cl)c1Cl,0.287350298,,1.744727495,0.287350298,1.236460388,1.327902142,1.236460388,,0
344,3790,Trichlorfon,COP(=O)(OC)C(O)C(Cl)(Cl)Cl,11,SHM,COP(=O)(OC)C(O)C(Cl)(Cl)Cl,-1.041392685,,0.15490196,-1.041392685,-0.594705939,-0.897627091,-0.594705939,,1
449,3791,Diazinon,CCOP(=S)(OCC)Oc1cc(C)nc(n1)C(C)C,1.47,SHM,CCOP(=S)(OCC)Oc1cc(C)nc(C(C)C)n1,-0.167317335,,1.657577319,-0.568201724,0.295290811,-0.167317335,0.295290811,,0
10,3792,Dazomet,CN1CSC(=S)N(C)C1,0.5,SHM,CN1CSC(=S)N(C)C1,0.301029996,,0.795880017,-0.662757832,0.295981934,0.522878745,0.295981934,,0
2104,3793,CARBARYL,CNC(=O)Oc1cccc2ccccc12,2.2,SHM,CNC(=O)Oc1cccc2ccccc12,-0.342422681,,-0.204119983,-0.342422681,-0.273271332,-0.273271332,-0.273271332,,0
1170,3794,Methomyl,CNC(=O)ON=C(C)SC,0.96,SHM,CNC(=O)ON=C(C)SC,0.017728767,,0.431798276,-0.176091259,0.091145261,0.017728767,0.091145261,,0
1359,3795,"1,4-Dichlorobenzene",Clc1ccc(Cl)cc1,7.4,SHM,Clc1ccc(Cl)cc1,-0.86923172,,0.055517328,-0.86923172,-0.456848522,-0.506839849,-0.456848522,,0
1255,3796,Thiodicarb,CS\C(=N\OC(=O)N(C)SN(C)C(=O)ON=C(C)SC)\C,0.47,SHM,CSC(C)=NOC(=O)N(C)SN(C)C(=O)O/N=C(\C)SC,0.327902142,,0.327902142,-0.537819095,-0.096366066,-0.079181246,-0.096366066,,0
473,3797,Atrazine,CCNc1nc(Cl)nc(NC(C)C)n1,2,SHM,CCNc1nc(Cl)nc(NC(C)C)n1,-0.301029996,,-0.301029996,-0.903089987,-0.624665773,-0.653212514,-0.624665773,,0
457,3798,Temephos,COP(=S)(OC)Oc1ccc(Sc2ccc(OP(=S)(OC)OC)cc2)cc1,4.7,SHM,COP(=S)(OC)Oc1ccc(Sc2ccc(OP(=S)(OC)OC)cc2)cc1,-0.672097858,,-0.056904851,-1.532754379,-0.701145629,-0.607461642,-0.701145629,,0
732,3799,Acephate,COP(=O)(NC(=O)C)SC,3200,SHM,COP(=O)(NC(C)=O)SC,-3.505149978,,-1.698970004,-3.505149978,-2.128690535,-1.698970004,-2.128690535,,1
168,3801,Endosulfan,ClC1=C(Cl)C2(Cl)C3COS(=O)OCC3C1(Cl)C2(Cl)Cl,0.00034,SHM,[O-][S+]1OCC2C(CO1)C1(Cl)C(Cl)=C(Cl)C2(Cl)C1(Cl)Cl,3.468521083,,3.769551079,2.698970004,3.279092584,3.468521083,3.279092584,,0
229,3802,Thiram,CN(C)C(=S)SSC(=S)N(C)C,0.54,SHM,CN(C)C(=S)SSC(=S)N(C)C,0.26760624,,1.879438999,0.26760624,1.235959376,1.337242168,1.235959376,,0
169,3803,2-(Thiocyanomethylthio)benzothiazole,N#CSCSc1nc2ccccc2s1,0.06,SHM,N#CSCSc1nc2ccccc2s1,1.22184875,,2.677780705,1.22184875,1.914120556,1.878426385,1.914120556,,0
249,3805,Benfluralin,CCCCN(CC)c1c(cc(cc1[N+](=O)[O-])C(F)(F)F)[N+](=O)[O-],0.79,SHM,CCCCN(CC)c1c([N+](=O)[O-])cc(C(F)(F)F)cc1[N+](=O)[O-],0.102372909,,1.187086643,0.102372909,0.894497903,1.091514981,0.894497903,,0
285,3806,Methylene bis(thiocyanate),N#CSCSC#N,0.606,SHM,N#CSCSC#N,0.217527376,,1.050609993,0.217527376,0.641426708,0.648784732,0.641426708,,0
508,3807,Dichlobenil,Clc1cccc(Cl)c1C#N,12.7,SHM,N#Cc1c(Cl)cccc1Cl,-1.103803721,,-0.692846919,-1.103803721,-0.851900732,-0.827369273,-0.851900732,,1
863,3808,Amitraz,CN(\C=N\c1ccc(C)cc1C)\C=N\c2ccc(C)cc2C,2.4,SHM,Cc1ccc(/N=C/N(C)/C=N/c2ccc(C)cc2C)c(C)c1,-0.380211242,,0.468521083,-0.380211242,0.0874616,0.13076828,0.0874616,,0
1799,3809,Ethofumesate,CCOC1Oc2ccc(OS(=O)(=O)C)cc2C1(C)C,25,SHM,CCOC1Oc2ccc(OS(C)(=O)=O)cc2C1(C)C,-1.397940009,,0.301029996,-1.397940009,-0.498283341,-0.397940009,-0.498283341,,1
178,3810,Fenvalerate,CC(C)C(C(=O)OC(C#N)c1cccc(Oc2ccccc2)c1)c3ccc(Cl)cc3,0.005,SHM,CC(C)C(C(=O)OC(C#N)c1cccc(Oc2ccccc2)c1)c1ccc(Cl)cc1,2.301029996,,3.764471553,2.301029996,3.12613545,3.37675071,3.12613545,,0
437,3811,Methyl Parathion,COP(=S)(OC)Oc1ccc(cc1)[N+](=O)[O-],3.4,SHM,COP(=S)(OC)Oc1ccc([N+](=O)[O-])cc1,-0.531478917,,1.43062609,-0.649334859,-0.03631029,-0.431363764,-0.03631029,,0
488,3812,Phosphamidon,CCN(CC)C(=O)\C(=C(/C)\OP(=O)(OC)OC)\Cl,74,SHM,CCN(CC)C(=O)/C(Cl)=C(\C)OP(=O)(OC)OC,-1.86923172,,-0.531478917,-2,-1.191402628,-0.77815125,-1.191402628,,1
165,3814,Chlorpyrifos,CCOP(=S)(OCC)Oc1nc(Cl)c(Cl)cc1Cl,0.076,SHM,CCOP(=S)(OCC)Oc1nc(Cl)c(Cl)cc1Cl,1.119186408,,3,0.920818754,2.162423691,2.886056648,2.162423691,,0
8,3815,Carbofuran,CNC(=O)Oc1cccc2CC(C)(C)Oc12,0.386,SHM,CNC(=O)Oc1cccc2c1OC(C)(C)C2,0.413412695,,1.096910013,0.073657553,0.553999837,0.441291429,0.553999837,,0
858,3817,Dichlorvos,COP(=O)(OC)OC=C(Cl)Cl,7.35,SHM,COP(=O)(OC)OC=C(Cl)Cl,-0.866287339,,1,-0.866287339,-0.024152127,-0.115160584,-0.024152127,,0
469,3818,BUTYLATE,CCSC(=O)N(CC(C)C)CC(C)C,2.7,SHM,CCSC(=O)N(CC(C)C)CC(C)C,-0.431363764,,0.677780705,-0.62324929,-0.174762911,-0.376791529,-0.174762911,,0
484,3819,Propanil,CCC(=O)Nc1ccc(Cl)c(Cl)c1,4.6,SHM,CCC(=O)Nc1ccc(Cl)c(Cl)c1,-0.662757832,,-0.361727836,-0.934498451,-0.651915921,-0.662757832,-0.651915921,,0
250,3820,TRIFLURALIN,CCCN(CCC)c1c(cc(cc1[N+](=O)[O-])C(F)(F)F)[N+](=O)[O-],0.19,SHM,CCCN(CCC)c1c([N+](=O)[O-])cc(C(F)(F)F)cc1[N+](=O)[O-],0.721246399,,2.075720714,0.721246399,1.371369849,1.055517328,1.371369849,,0
476,3821,Vernolate,CCCSC(=O)N(CCC)CCC,7.4,SHM,CCCSC(=O)N(CCC)CCC,-0.86923172,,-0.397940009,-0.86923172,-0.618499401,-0.603412938,-0.618499401,,0
109,3822,Ethyl dipropylthiocarbamate,CCCN(CCC)C(=O)SCC,17,SHM,CCCN(CCC)C(=O)SCC,-1.230448921,,-1.146128036,-1.300160537,-1.205716382,-1.188288479,-1.205716382,,1
552,3823,Molinate,CCSC(=O)N1CCCCCC1,12,SHM,CCSC(=O)N1CCCCCC1,-1.079181246,,-1.079181246,-1.431363764,-1.238221664,-1.204119983,-1.238221664,,1
448,3824,Furfural,O=Cc1occc1,14,SHM,O=Cc1ccco1,-1.146128036,,-0.485721426,-1.206825876,-0.817564952,-0.763427994,-0.817564952,,1
572,3825,Diquat dibromide,C1C[n+]2ccccc2c3cccc[n+]13,228,SHM,c1cc[n+]2c(c1)-c1cccc[n+]1CC2,-2.357934847,,-1.049218023,-2.357934847,-1.474098301,-1.234173665,-1.474098301,,1
674,3826,Dicamba,COc1c(Cl)ccc(Cl)c1C(=O)O,180,SHM,COc1c(Cl)ccc(Cl)c1C(=O)O,-2.255272505,,-1.447158031,-2.255272505,-1.9617694,-2.056971676,-1.9617694,,1
1449,3827,Toluene,Cc1ccccc1,13,SHM,Cc1ccccc1,-1.113943352,,-0.763427994,-1.113943352,-1.022921311,-1.107156949,-1.022921311,,1
1679,3828,Diethanolamine,OCCNCCO,540,SHM,OCCNCCO,-2.73239376,,-2,-2.889301703,-2.540565154,-2.73239376,-2.540565154,,1
1667,3829,2-Butanone,CCC(=O)C,400,SHM,CCC(C)=O,-2.602059991,,-2.602059991,-3.507855872,-2.944730578,-2.72427587,-2.944730578,,1
823,3830,Heptachlor,ClC1C=CC2C1C3(Cl)C(=C(Cl)C2(Cl)C3(Cl)Cl)Cl,0.00368,SHM,ClC1=C(Cl)C2(Cl)C3C(Cl)C=CC3C1(Cl)C2(Cl)Cl,2.434152181,,2.434152181,1.638272164,2.053656983,2.15490196,2.053656983,,0
68,3831,Ethoprop,CCCSP(=O)(OCC)SCCC,0.18,SHM,CCCSP(=O)(OCC)SCCC,0.744727495,,0.744727495,-0.041392685,0.430265894,0.508864383,0.430265894,,0
1031,3832,CARBOPHENOTHION,CCOP(=S)(OCC)SCSc1ccc(Cl)cc1,0.0028,SHM,CCOP(=S)(OCC)SCSc1ccc(Cl)cc1,2.552841969,,2.552841969,0.657577319,1.698825312,1.886056648,1.698825312,,0
257,3833,O-Ethyl O-(p-nitrophenyl) phenylphosphonothioate,CCOP(=S)(Oc1ccc(cc1)[N+](=O)[O-])c2ccccc2,0.14,SHM,CCOP(=S)(Oc1ccc([N+](=O)[O-])cc1)c1ccccc1,0.853871964,,1.104577454,0.844663963,0.971726142,0.958607315,0.971726142,,0
1111,3834,Hexachlorocyclopentadiene (HCCPD),ClC1=C(Cl)C(Cl)(Cl)C(=C1Cl)Cl,0.045,SHM,ClC1=C(Cl)C(Cl)(Cl)C(Cl)=C1Cl,1.346787486,,2.15490196,0.886056648,1.462582031,1.346787486,1.462582031,,0
331,3835,Aldicarb,CNC(=O)O\N=C\C(C)(C)SC,0.041,SHM,CNC(=O)O/N=C/C(C)(C)SC,1.387216143,,1.387216143,0.064996849,0.647966719,0.251811973,0.647966719,,0
78,3836,"S,S,S-TRIBUTYL PHOSPHOROTRITHIOATE",CCCCSP(=O)(SCCCC)SCCCC,0.44,SHM,CCCCSP(=O)(SCCCC)SCCCC,0.356547324,,0.610833916,0.036212173,0.330979844,0.356547324,0.330979844,,0
991,3837,Flucythrinate,CC(C)[C@H](C(=O)OC(C#N)c1cccc(Oc2ccccc2)c1)c3ccc(OC(F)F)cc3,0.0011,SHM,CC(C)[C@H](C(=O)OC(C#N)c1cccc(Oc2ccccc2)c1)c1ccc(OC(F)F)cc1,2.958607315,,3.721246399,2.958607315,3.373365625,3.406804392,3.373365625,,0
198,3838,PHORATE,CCOP(=S)(OCC)SCSCC,0.0013,SHM,CCOP(=S)(OCC)SCSCC,2.886056648,,3,0.602059991,2.052045987,1.886056648,2.052045987,,0
42,3839,Resmethrin,CC(=CC1C(C(=O)OCc2coc(Cc3ccccc3)c2)C1(C)C)C,0.011,SHM,CC(C)=CC1C(C(=O)OCc2coc(Cc3ccccc3)c2)C1(C)C,1.958607315,,3.552841969,1.769551079,2.697030608,2.846787486,2.697030608,,0
170,3840,Fenpropathrin,CC1(C)C(C(=O)OC(C#N)c2cccc(Oc3ccccc3)c2)C1(C)C,0.0031,SHM,CC1(C)C(C(=O)OC(C#N)c2cccc(Oc3ccccc3)c2)C1(C)C,2.508638306,,2.657577319,2.508638306,2.613602321,2.638272164,2.613602321,,0
843,3841,Benomyl,CCCCNC(=O)n1c(NC(=O)OC)nc2ccccc12,3.67,SHM,CCCCNC(=O)n1c(NC(=O)OC)nc2ccccc21,-0.564666064,,0.920818754,-0.564666064,0.317702908,0.576754126,0.317702908,,0
273,3842,Carbendazim,COC(=O)Nc1nc2ccccc2[nH]1,1.16,SHM,COC(=O)Nc1nc2ccccc2[nH]1,-0.064457989,,1.619788758,-0.267171728,0.50235136,0.328394205,0.50235136,,0
1731,3843,PYRETHRUM,CC1C(OC(=O)C2C(C=C(C)C)C2(C)C)C=C(CC=CC=C)C1=O,0.016,SHM,C=CC=CCC1=CC(OC(=O)C2C(C=C(C)C)C2(C)C)C(C)C1=O,1.795880017,,2.494850022,1.13076828,1.85537458,1.897940009,1.85537458,,0
2,3844,Terbufos,CCOP(=S)(OCC)SCSC(C)(C)C,0.0016,SHM,CCOP(=S)(OCC)SCSC(C)(C)C,2.795880017,,3.113509275,1.886056648,2.462514471,2.397940009,2.462514471,,0
533,3845,Thiophanate methyl,COC(=O)NC(=S)Nc1ccccc1NC(=S)NC(=O)OC,49.5,SHM,COC(=O)NC(=S)Nc1ccccc1NC(=S)NC(=O)OC,-1.694605199,,-0.919078092,-1.694605199,-1.174707776,-1.042573906,-1.174707776,,1
217,3846,Chlorothalonil,Clc1c(Cl)c(C#N)c(Cl)c(C#N)c1Cl,0.032,SHM,N#Cc1c(Cl)c(Cl)c(Cl)c(C#N)c1Cl,1.494850022,,2.119186408,1.420216403,1.653574271,1.537447137,1.653574271,,0
1109,3847,Hydramethylnon,CC1(C)CNC(=NN=C(\C=C\c2ccc(cc2)C(F)(F)F)\C=C\c3ccc(cc3)C(F)(F)F)NC1,0.976,SHM,CC1(C)CNC(=NN=C(/C=C/c2ccc(C(F)(F)F)cc2)/C=C/c2ccc(C(F)(F)F)cc2)NC1,0.010550182,,1.124938737,0.010550182,0.79387352,1.020002581,0.79387352,,0
284,3848,Folpet,ClC(Cl)(Cl)SN1C(=O)c2ccccc2C1=O,0.0656,SHM,O=C1c2ccccc2C(=O)N1SC(Cl)(Cl)Cl,1.183096161,,1.823908741,0.632644079,1.182129254,1.183096161,1.182129254,,0
1100,3849,"2,3,5,6-Tetrachlorophenol",Oc1c(Cl)c(Cl)cc(Cl)c1Cl,1.9,SHM,Oc1c(Cl)c(Cl)cc(Cl)c1Cl,-0.278753601,,1.070581074,-0.278753601,0.640344638,0.884775539,0.640344638,,0
1128,3850,"DEHP, Di(2-ethylhexyl)phthalate",CCCCC(CC)COC(=O)c1ccccc1C(=O)OCC(CC)CCCC,0.17,SHM,CCCCC(CC)COC(=O)c1ccccc1C(=O)OCC(CC)CCCC,0.769551079,,0.795880017,0.494850022,0.68981278,0.734260541,0.68981278,,0
207,3851,Chlordecone,ClC1(Cl)C2(Cl)C3(Cl)C4(Cl)C(=O)C5(Cl)C(Cl)(C1(Cl)C35Cl)C24Cl,0.0695,SHM,O=C1C2(Cl)C3(Cl)C4(Cl)C(Cl)(Cl)C5(Cl)C3(Cl)C1(Cl)C5(Cl)C24Cl,1.158015195,,1.698970004,0.468521083,1.309471006,1.522878745,1.309471006,,0
1047,3852,Mevinphos,COC(=O)C=C(C)OP(=O)(OC)OC,0.81,SHM,COC(=O)C=C(C)OP(=O)(OC)OC,0.091514981,,1.924453039,0.091514981,1.221261834,1.647817482,1.221261834,,0
336,3853,Indoxacarb,COC(=O)N(C(=O)N1CO[C@]2(Cc3cc(Cl)ccc3C2=N1)C(=O)OC)c4ccc(OC(F)(F)F)cc4,0.37,SHM,COC(=O)N(C(=O)N1CO[C@@]2(C(=O)OC)Cc3cc(Cl)ccc3C2=N1)c1ccc(OC(F)(F)F)cc1,0.431798276,,0.453457337,0.045757491,0.279524937,0.30944246,0.279524937,,0
72,3854,DICOFOL,OC(c1ccc(Cl)cc1)(c2ccc(Cl)cc2)C(Cl)(Cl)Cl,0.37,SHM,OC(c1ccc(Cl)cc1)(c1ccc(Cl)cc1)C(Cl)(Cl)Cl,0.431798276,,0.906578315,0.292429824,0.443303691,0.293282218,0.443303691,,0
374,3855,Bensulide,CC(C)OP(=S)(OC(C)C)SCCNS(=O)(=O)c1ccccc1,0.56,SHM,CC(C)OP(=S)(OC(C)C)SCCNS(=O)(=O)c1ccccc1,0.251811973,,0.251811973,-0.041392685,0.111150443,0.117091242,0.111150443,,0
288,3856,Oxyfluorfen,CCOc1cc(Oc2ccc(cc2Cl)C(F)(F)F)ccc1[N+](=O)[O-],0.17,SHM,CCOc1cc(Oc2ccc(C(F)(F)F)cc2Cl)ccc1[N+](=O)[O-],0.769551079,,0.769551079,0.602059991,0.668160266,0.650514998,0.668160266,,0
842,3857,Pendimethalin,CCC(CC)Nc1c(cc(C)c(C)c1[N+](=O)[O-])[N+](=O)[O-],0.71,SHM,CCC(CC)Nc1c([N+](=O)[O-])cc(C)c(C)c1[N+](=O)[O-],0.148741651,,0.860120914,0.148741651,0.570003163,0.701146924,0.570003163,,0
1751,3858,Diisononyl Phthalate,CC(C)CCCCCCOC(=O)c1ccccc1C(=O)OCCCCCCC(C)C,0.52,SHM,CC(C)CCCCCCOC(=O)c1ccccc1C(=O)OCCCCCCC(C)C,0.283996656,,1,0.283996656,0.73343716,0.824875991,0.73343716,,0
1773,3859,Di-n-butylphtalate,CCCCOC(=O)c1ccccc1C(=O)OCCCC,0.6,SHM,CCCCOC(=O)c1ccccc1C(=O)OCCCC,0.22184875,,0.318758763,-0.093421685,0.129441725,0.146214912,0.129441725,,0
1786,3860,"4,4'-Sulfinylbis(2-aminobutanoic acid)",NC(CCS(=O)CCC(N)C(=O)O)C(=O)O,3.5,SHM,NC(CC[S+]([O-])CCC(N)C(=O)O)C(=O)O,-0.544068044,,0.40560745,-0.544068044,0.035055881,0.13934206,0.035055881,,0
848,3861,Fipronil,Nc1c(c(nn1c2c(Cl)cc(cc2Cl)C(F)(F)F)C#N)S(=O)C(F)(F)F,0.13,SHM,N#Cc1nn(-c2c(Cl)cc(C(F)(F)F)cc2Cl)c(N)c1[S+]([O-])C(F)(F)F,0.886056648,,1.080921908,0.605548319,0.893131719,0.943028324,0.893131719,,0
355,3862,Fenthion,COP(=S)(OC)Oc1ccc(SC)c(C)c1,1.2,SHM,COP(=S)(OC)Oc1ccc(SC)c(C)c1,-0.079181246,,0.259637311,-0.225309282,-0.017564458,-0.079181246,-0.017564458,,0
276,3863,NALED,COP(=O)(OC)OC(Br)C(Cl)(Cl)Br,1.2,SHM,COP(=O)(OC)OC(Br)C(Cl)(Cl)Br,-0.079181246,,1.30980392,-0.51851394,0.433360324,0.709965389,0.433360324,,0
1158,3864,Hexachlorobutadiene,ClC(=C(Cl)C(=C(Cl)Cl)Cl)Cl,0.557,SHM,ClC(Cl)=C(Cl)C(Cl)=C(Cl)Cl,0.254144805,,1.045757491,0.254144805,0.597854319,0.545757491,0.597854319,,0
1085,3865,"Quaternary ammonium compounds, benzyl-C12-16-alkyldimethyl, chlorides",CCCCCCCCCCCCCC[N+](C)(C)Cc1ccccc1,0.86,SHM,CCCCCCCCCCCCCC[N+](C)(C)Cc1ccccc1,0.065501549,,1.193820026,0.065501549,0.744913658,0.860166528,0.744913658,,0
1284,3866,ACENAPHTHENE,C1Cc2cccc3cccc1c23,2.2,SHM,c1cc2c3c(cccc3c1)CC2,-0.342422681,,0.216096421,-0.342422681,-0.045712496,-0.028261862,-0.045712496,,0
452,3867,Linuron,CON(C)C(=O)Nc1ccc(Cl)c(Cl)c1,0.89,SHM,CON(C)C(=O)Nc1ccc(Cl)c(Cl)c1,0.050609993,,0.050609993,-0.963787827,-0.475185889,-0.493782861,-0.475185889,,0
1193,3868,Thiobencarb,CCN(CC)C(=O)SCc1ccc(Cl)cc1,0.658,SHM,CCN(CC)C(=O)SCc1ccc(Cl)cc1,0.181774106,,0.251811973,0.102372909,0.178652996,0.181774106,0.178652996,,0
644,3869,Endothal-dipotassium,[O-]C(=O)C1C2CCC(O2)C1C(=O)[O-],340,SHM,O=C(O)C1C2CCC(O2)C1C(=O)O,-2.531478917,,-0.079181246,-2.531478917,-1.891391777,-1.966743644,-1.891391777,,1
1260,3870,Isofenphos,CCOP(=S)(NC(C)C)Oc1ccccc1C(=O)OC(C)C,1.7,SHM,CCOP(=S)(NC(C)C)Oc1ccccc1C(=O)OC(C)C,-0.230448921,,-0.113943352,-0.255272505,-0.19988826,-0.230448921,-0.19988826,,0
12,3871,Iprodione,CC(C)NC(=O)N1CC(=O)N(C1=O)c2cc(Cl)cc(Cl)c2,7.7,SHM,CC(C)NC(=O)N1CC(=O)N(c2cc(Cl)cc(Cl)c2)C1=O,-0.886490725,,0.259637311,-0.886490725,-0.311733424,-0.568201724,-0.311733424,,0
601,3872,Glyphosate,OC(=O)CNCP(=O)(O)O,180.2,SHM,O=C(O)CNCP(=O)(O)O,-2.255754787,,-0.113943352,-3.088844563,-0.931807815,-0.361727836,-0.931807815,,1
639,3873,Metribuzin,CSC1=NN=C(C(=O)N1N)C(C)(C)C,85,SHM,CSc1nnc(C(C)(C)C)c(=O)n1N,-1.929418926,,-1.62324929,-1.929418926,-1.826498,-1.876661892,-1.826498,,1
49,3874,Disulfoton,CCOP(=S)(OCC)SCCSCC,1,SHM,CCOP(=S)(OCC)SCCSCC,0,,2.086186148,-0.271841607,0.591221641,0,0.591221641,,0
385,3875,Metolachlor,CCc1cccc(C)c1N(C(C)COC)C(=O)CCl,7.9,SHM,CCc1cccc(C)c1N(C(=O)CCl)C(C)COC,-0.897627091,,-0.089905111,-1,-0.678791901,-0.744345849,-0.678791901,,0
536,3876,Fluridone,CN1C=C(C(=O)C(=C1)c2cccc(c2)C(F)(F)F)c3ccccc3,10.7,SHM,Cn1cc(-c2ccccc2)c(=O)c(-c2cccc(C(F)(F)F)c2)c1,-1.029383778,,-0.62324929,-1.068185862,-0.890562076,-0.919078092,-0.890562076,,1
1353,3877,Piperonylbutoxide,CCCCOCCOCCOCc1cc2OCOc2cc1CCC,3.94,SHM,CCCCOCCOCCOCc1cc2c(cc1CCC)OCO2,-0.595496222,,-0.255272505,-0.792391689,-0.561305102,-0.598778107,-0.561305102,,0
879,3878,Alachlor,CCc1cccc(CC)c1N(COC)C(=O)CCl,3.9,SHM,CCc1cccc(CC)c1N(COC)C(=O)CCl,-0.591064607,,0.619788758,-0.698970004,-0.274535278,-0.447158031,-0.274535278,,0
847,3879,Phosmet,COP(=S)(OC)SCN1C(=O)c2ccccc2C1=O,0.17,SHM,COP(=S)(OC)SCN1C(=O)c2ccccc2C1=O,0.769551079,,1.657577319,-0.86332286,0.636177681,0.769551079,0.636177681,,0
1325,3880,Dicrotophos,COP(=O)(OC)OC(=CC(=O)N(C)C)C,83.8,SHM,COP(=O)(OC)OC(C)=CC(=O)N(C)C,-1.923244019,,-0.447158031,-1.923244019,-1.056580866,-0.799340549,-1.056580866,,1
1250,3881,3-Bromo-N-[4-chloro-2-methyl-6-(methylcarbamoyl)phenyl]-1-(3-chloro-2-pyridinyl)-1H-pyrazole-5-carboxamide,CNC(=O)c1cc(Cl)cc(C)c1NC(=O)c2cc(Br)nn2c3ncccc3Cl,12,SHM,CNC(=O)c1cc(Cl)cc(C)c1NC(=O)c1cc(Br)nn1-c1ncccc1Cl,-1.079181246,,-0.037426498,-1.079181246,-0.397384902,-0.075546961,-0.397384902,,1
451,3882,Oxamyl,CNC(=O)O\N=C(/SC)\C(=O)N(C)C,2.6,SHM,CNC(=O)O/N=C(\SC)C(=O)N(C)C,-0.414973348,,-0.414973348,-0.748188027,-0.593137599,-0.568201724,-0.593137599,,0
583,3883,4-Nitrophenol,Oc1ccc(cc1)[N+](=O)[O-],25.3,SHM,O=[N+]([O-])c1ccc(O)cc1,-1.403120521,,-0.579783597,-1.482873584,-1.136652329,-1.397940009,-1.136652329,,1
598,3884,Trinexapac-ethyl,CCOC(=O)C1CC(=O)C(=C(O)C2CC2)C(=O)C1,180,SHM,CCOC(=O)C1CC(=O)C(C(=O)C2CC2)C(=O)C1,-2.255272505,,-1.544068044,-2.255272505,-1.932712318,-1.965754361,-1.932712318,,1
747,3885,Chlorsulfuron,COc1nc(C)nc(NC(=O)NS(=O)(=O)c2ccccc2Cl)n1,980,SHM,COc1nc(C)nc(NC(=O)NS(=O)(=O)c2ccccc2Cl)n1,-2.991226076,,-2.086359831,-2.991226076,-2.485953685,-2.477121255,-2.485953685,,1
358,3886,Prodiamine,CCCN(CCC)c1c(cc(c(N)c1[N+](=O)[O-])C(F)(F)F)[N+](=O)[O-],0.45,SHM,CCCN(CCC)c1c([N+](=O)[O-])cc(C(F)(F)F)c(N)c1[N+](=O)[O-],0.346787486,,0.346787486,0.081445469,0.191934837,0.169753196,0.191934837,,0
776,3887,Fosamine ammonium,CCOP(=O)([O-])C(=O)N,128,SHM,CCOP(=O)(O)C(N)=O,-2.10720997,,-2,-2.477121255,-2.176908747,-2.053604985,-2.176908747,,1
629,3888,Bensulfuron-methyl,COC(=O)c1ccccc1CS(=O)(=O)NC(=O)Nc2nc(OC)cc(OC)n2,123,SHM,COC(=O)c1ccccc1CS(=O)(=O)NC(=O)Nc1nc(OC)cc(OC)n1,-2.089905111,,-1.799340549,-2.176091259,-1.971220214,-1.954724523,-1.971220214,,1
1507,3890,Ethylbenzene,CCc1ccccc1,280,SHM,CCc1ccccc1,-2.447158031,,-0.62324929,-2.447158031,-1.383530296,-1.231856931,-1.383530296,,1
782,3891,Imazethapyr,CCc1cnc(C2=NC(C)(C(C)C)C(=O)N2)c(c1)C(=O)O,112,SHM,CCc1cnc(C2=NC(C)(C(C)C)C(=O)N2)c(C(=O)O)c1,-2.049218023,,-2.041392685,-2.531478917,-2.167826912,-2.049218023,-2.167826912,,1
478,3892,Pronamide,CC(C)(NC(=O)c1cc(Cl)cc(Cl)c1)C#C,7.69,SHM,C#CC(C)(C)NC(=O)c1cc(Cl)cc(Cl)c1,-0.88592634,,-0.672097858,-1.146128036,-0.932364525,-0.955616103,-0.932364525,,0
30,3893,Pyrithiobac-sodium,COc1cc(OC)nc(Sc2cccc(Cl)c2C(=O)[O-])n1,145,SHM,COc1cc(OC)nc(Sc2cccc(Cl)c2C(=O)O)n1,-2.161368002,,-2.161368002,-3,-2.774583475,-2.968482949,-2.774583475,,1
175,3894,Cypermethrin,CC1(C)C(C=C(Cl)Cl)C1C(=O)OC(C#N)c2cccc(Oc3ccccc3)c2,0.00073,SHM,CC1(C)C(C=C(Cl)Cl)C1C(=O)OC(C#N)c1cccc(Oc2ccccc2)c1,3.13667714,,3.408935393,2.552841969,3.036084833,3.13667714,3.036084833,,0
992,3895,Fluvalinate,CC(C)C(Nc1ccc(cc1Cl)C(F)(F)F)C(=O)OC(C#N)c2cccc(Oc3ccccc3)c2,0.011,SHM,CC(C)C(Nc1ccc(C(F)(F)F)cc1Cl)C(=O)OC(C#N)c1cccc(Oc2ccccc2)c1,1.958607315,,3.214670165,1.958607315,2.610284933,2.657577319,2.610284933,,0
153,3896,Bifenthrin,Cc1c(COC(=O)C2C(\C=C(/Cl)\C(F)(F)F)C2(C)C)cccc1c3ccccc3,0.0175,SHM,Cc1c(COC(=O)C2C(/C=C(\Cl)C(F)(F)F)C2(C)C)cccc1-c1ccccc1,1.756961951,,3.823908741,1.756961951,3.157334725,3.524234105,3.157334725,,0
5,3898,Fonofos,CCOP(=S)(CC)Sc1ccccc1,0.016,SHM,CCOP(=S)(CC)Sc1ccccc1,1.795880017,,2.292429824,-0.037426498,1.460539063,1.698970004,1.460539063,,0
1010,3899,Isazophos-methyl,COP(=S)(OC)Oc1nc(Cl)n(n1)C(C)C,0.00602,SHM,COP(=S)(OC)Oc1nc(Cl)n(C(C)C)n1,2.220403509,,2.416801226,0.860435734,1.923545838,2.208473197,1.923545838,,0
50,3900,Fluazinam,[O-][N+](=O)c1cc(c(Cl)c(c1Nc2ncc(cc2Cl)C(F)(F)F)[N+](=O)[O-])C(F)(F)F,0.12,SHM,O=[N+]([O-])c1cc(C(F)(F)F)c(Cl)c([N+](=O)[O-])c1Nc1ncc(C(F)(F)F)cc1Cl,0.920818754,,1.443697499,0.920818754,1.225585737,1.268913348,1.225585737,,0
289,3901,Quinoxyfen,Fc1ccc(Oc2ccnc3cc(Cl)cc(Cl)c23)cc1,0.168,SHM,Fc1ccc(Oc2ccnc3cc(Cl)cc(Cl)c23)cc1,0.774690718,,0.774690718,0.552841969,0.61620129,0.568636236,0.61620129,,0
313,3902,Fluoxastrobin,CO\N=C(\C1=NOCCO1)/c2ccccc2Oc3ncnc(Oc4ccccc4Cl)c3F,1.374,SHM,CO/N=C(/C1=NOCCO1)c1ccccc1Oc1ncnc(Oc2ccccc2Cl)c1F,-0.137986733,,0.361510743,-0.137986733,0.149565755,0.187369504,0.149565755,,0
1203,3903,"2,4-DNP",Oc1ccc(cc1[N+](=O)[O-])[N+](=O)[O-],1.5,SHM,O=[N+]([O-])c1ccc(O)c([N+](=O)[O-])c1,-0.176091259,,0.408935393,-0.818225894,-0.094443362,0.015758526,-0.094443362,,0
2052,3904,"N-{2-[1,1'-Bi(cyclopropyl)-2-yl]phenyl}-3-(difluoromethyl)-1-methyl-1H-pyrazole-4-carboxamide",Cn1cc(C(=O)Nc2ccccc2C3CC3C4CC4)c(n1)C(F)F,4.2,SHM,Cn1cc(C(=O)Nc2ccccc2C2CC2C2CC2)c(C(F)F)n1,-0.62324929,,0.040958608,-0.62324929,-0.194096894,0,-0.194096894,,0
1774,3905,Triflumizole,CCCOCC(=Nc1ccc(Cl)cc1C(F)(F)F)n2ccnc2,1.4,SHM,CCCOCC(=Nc1ccc(Cl)cc1C(F)(F)F)n1ccnc1,-0.146128036,,0.318758763,-0.146128036,0.136400911,0.236572006,0.136400911,,0
1237,3906,Isoxaben,CCC(C)(CC)c1cc(NC(=O)c2c(OC)cccc2OC)on1,0.87,SHM,CCC(C)(CC)c1cc(NC(=O)c2c(OC)cccc2OC)on1,0.060480747,,0.060480747,-0.041392685,0.006362687,0,0.006362687,,0
303,3907,Fluopicolide,FC(F)(F)c1cnc(CNC(=O)c2c(Cl)cccc2Cl)c(Cl)c1,0.41,SHM,O=C(NCc1ncc(C(F)(F)F)cc1Cl)c1c(Cl)cccc1Cl,0.387216143,,0.457174573,0.387216143,0.429362739,0.443697499,0.429362739,,0
1817,3908,Sodium dedecyl sulfate,CCCCCCCCCCCCOS(=O)(=O)[O-],4.1,SHM,CCCCCCCCCCCCOS(=O)(=O)[O-],-0.612783857,,-0.612783857,-0.819543936,-0.677197399,-0.638230902,-0.677197399,,0
98,3909,Flutolanil,CC(C)Oc1cccc(NC(=O)c2ccccc2C(F)(F)F)c1,6.1,SHM,CC(C)Oc1cccc(NC(=O)c2ccccc2C(F)(F)F)c1,-0.785329835,,-0.681241237,-0.785329835,-0.73275047,-0.73239376,-0.73275047,,0
1305,3910,"[3-(2,5-dimethylphenyl)-8-methoxy-2-oxo-1-azaspiro[4.5]dec-3-en-4-yl] ethyl carbonate",CCOC(=O)OC1=C(C(=O)N[C@@]12CC[C@@H](CC2)OC)c3cc(C)ccc3C,1.96,SHM,CCOC(=O)OC1=C(c2cc(C)ccc2C)C(=O)N[C@]12CC[C@@H](OC)CC2,-0.292256071,,-0.292256071,-0.404833717,-0.346504156,-0.342422681,-0.346504156,,0
338,3911,Fenoxycarb,CCOC(=O)NCCOc1ccc(Oc2ccccc2)cc1,1.1,SHM,CCOC(=O)NCCOc1ccc(Oc2ccccc2)cc1,-0.041392685,,0.180456064,-0.269512944,0.012501625,0.06953169,0.012501625,,0
1326,3912,Diuron,CN(C)C(=O)Nc1ccc(Cl)c(Cl)c1,6.7,SHM,CN(C)C(=O)Nc1ccc(Cl)c(Cl)c1,-0.826074803,,-0.290034611,-1.152288344,-0.678888947,-0.636616417,-0.678888947,,0
925,3913,DIMETHOATE,CNC(=O)CSP(=S)(OC)OC,111,SHM,CNC(=O)CSP(=S)(OC)OC,-2.045322979,,-0.77815125,-2.045322979,-1.273968215,-1.136199316,-1.273968215,,1
405,3914,Bromuconazole,Clc1ccc(c(Cl)c1)C2(Cn3cncn3)CC(Br)CO2,5.5,SHM,Clc1ccc(C2(Cn3cncn3)CC(Br)CO2)c(Cl)c1,-0.740362689,,-0.230448921,-0.740362689,-0.456127456,-0.426849106,-0.456127456,,0
410,3915,Prothioconazole,OC(CN1NC=NC1=S)(Cc2ccccc2Cl)C3(Cl)CC3,10.3,SHM,OC(Cc1ccccc1Cl)(Cn1[nH]cnc1=S)C1(Cl)CC1,-1.012837225,,-0.227886705,-1.012837225,-0.532378847,-0.444395729,-0.532378847,,1
1423,3916,Dimethomorph,COc1ccc(cc1OC)\C(=C\C(=O)N2CCOCC2)\c3ccc(Cl)cc3,11.3,SHM,COc1ccc(/C(=C/C(=O)N2CCOCC2)c2ccc(Cl)cc2)cc1OC,-1.053078443,,-0.792391689,-1.053078443,-0.941521011,-0.979092901,-0.941521011,,1
531,3917,Pyrimethanil,Cc1cc(C)nc(Nc2ccccc2)n1,2.8,SHM,Cc1cc(C)nc(Nc2ccccc2)n1,-0.447158031,,-0.447158031,-1.418301291,-0.973790299,-1.014850937,-0.973790299,,0
1378,3918,N-{2-[3-Chloro-5-(trifluoromethyl)-2-pyridinyl]ethyl}-2-(trifluoromethyl)benzamide,FC(F)(F)c1cnc(CCNC(=O)c2ccccc2C(F)(F)F)c(Cl)c1,0.98,SHM,O=C(NCCc1ncc(C(F)(F)F)cc1Cl)c1ccccc1C(F)(F)F,0.008773924,,0.008773924,-0.713490543,-0.412435455,-0.472512601,-0.412435455,,0
1469,3919,Diethyl Phthalate,CCOC(=O)c1ccccc1C(=O)OCC,29,SHM,CCOC(=O)c1ccccc1C(=O)OCC,-1.462397998,,-1.079181246,-1.462397998,-1.247401249,-1.224012876,-1.247401249,,1
616,3920,MCPA-sodium,Cc1cc(Cl)ccc1OCC(=O)[O-],452,SHM,Cc1cc(Cl)ccc1OCC(=O)O,-2.655138435,,-0.283301229,-2.655138435,-1.762795977,-1.949390007,-1.762795977,,1
117,3922,Cymoxanil,CCNC(=O)NC(=O)\C(=N\OC)\C#N,47.5,SHM,CCNC(=O)NC(=O)/C(C#N)=N/OC,-1.67669361,,-1.462397998,-1.67669361,-1.533829868,-1.462397998,-1.533829868,,1
1568,3923,Dinotefuran,CN\C(=N\[N+](=O)[O-])\NCC1CCOC1,109,SHM,CN/C(=N/[N+](=O)[O-])NCC1CCOC1,-2.037426498,,-1.996949248,-2.037426498,-2.010732942,-1.997823081,-2.010732942,,1
1546,3924,imazosulfuron,COC1CC(NC(NC(=O)NS(=O)(=O)c2c(Cl)nc3ccccn23)N1)OC,94,SHM,COC1CC(OC)NC(NC(=O)NS(=O)(=O)c2c(Cl)nc3ccccn23)N1,-1.973127854,,-1.838849091,-1.973127854,-1.907649668,-1.909310863,-1.907649668,,1
281,3925,Fluroxypyr-meptyl,CCCCCCC(C)OC(=O)COc1nc(F)c(Cl)c(N)c1Cl,0.087,SHM,CCCCCCC(C)OC(=O)COc1nc(F)c(Cl)c(N)c1Cl,1.060480747,,1.060480747,-1.079181246,0.207616584,0.424583418,0.207616584,,0
122,3926,Bromacil,CCC(C)N1C(=O)NC(=C(Br)C1=O)C,162.8,SHM,CCC(C)n1c(=O)[nH]c(C)c(Br)c1=O,-2.211654401,,-1.556302501,-2.820201459,-2.020637266,-2,-2.020637266,,1
25,3927,Simazine,CCNc1nc(Cl)nc(NCC)n1,4.3,SHM,CCNc1nc(Cl)nc(NCC)n1,-0.633468456,,-0.633468456,-1.954242509,-1.09816019,-1,-1.09816019,,0
265,3928,Acrolein,C=CC=O,0.43,SHM,C=CC=O,0.366531544,,1.853871964,0.366531544,1.299553917,1.657577319,1.299553917,,0
1135,3929,3-Iodo-2-propynyl butylcarbamate,CCCCNC(=O)OCC#CI,0.418,SHM,CCCCNC(=O)OCC#CI,0.378823718,,1.173925197,0.378823718,0.72440262,0.672430783,0.72440262,,0
379,3930,Didecyl dimethyl ammonium chloride,CCCCCCCCCC[N+](C)(C)CCCCCCCCCC,0.96,SHM,CCCCCCCCCC[N+](C)(C)CCCCCCCCCC,0.017728767,,0.721246399,-0.064457989,0.311528778,0.388276692,0.311528778,,0
1442,3931,Bronopol,OCC(Br)(CO)[N+](=O)[O-],59,SHM,O=[N+]([O-])C(Br)(CO)CO,-1.770852012,,-1.048053173,-1.770852012,-1.373311727,-1.301029996,-1.373311727,,1
263,3932,Ethalfluralin,CCN(CC(=C)C)c1c(cc(cc1[N+](=O)[O-])C(F)(F)F)[N+](=O)[O-],0.24,SHM,C=C(C)CN(CC)c1c([N+](=O)[O-])cc(C(F)(F)F)cc1[N+](=O)[O-],0.619788758,,1.494850022,0.619788758,1.103224537,1.149129684,1.103224537,,0
832,3933,Bromoxynil octanoate,CCCCCCCC(=O)Oc1c(Br)cc(cc1Br)C#N,0.17,SHM,CCCCCCCC(=O)Oc1c(Br)cc(C#N)cc1Br,0.769551079,,1.387216143,0.769551079,1.092859347,1.107335082,1.092859347,,0
1365,3934,Chlorobenzene,Clc1ccccc1,10,SHM,Clc1ccccc1,-1,,-0.653212514,-1,-0.802950274,-0.779294292,-0.802950274,,1
225,3935,Propargite,CC(C)(C)c1ccc(OC2CCCCC2OS(=O)OCC#C)cc1,0.06,SHM,C#CCO[S+]([O-])OC1CCCCC1Oc1ccc(C(C)(C)C)cc1,1.22184875,,1.508638306,0.928117993,1.256284148,1.294190147,1.256284148,,0
485,3936,Prometryn,CSc1nc(NC(C)C)nc(NC(C)C)n1,5.1,SHM,CSc1nc(NC(C)C)nc(NC(C)C)n1,-0.707570176,,-0.462397998,-1,-0.727582716,-0.723966433,-0.727582716,,0
824,3937,Methidathion,COC1=NN(CSP(=S)(OC)OC)C(=O)S1,0.0078,SHM,COc1nn(CSP(=S)(OC)OC)c(=O)s1,2.107905397,,2.657577319,2,2.191370679,2.053952699,2.191370679,,0
1345,3938,"1,3-Dichloropropene",ClC\C=C\Cl,0.87,SHM,Cl/C=C/CCl,0.060480747,,0.621602099,-0.568201724,0.030001052,0.033301916,0.030001052,,0
481,3939,Ametryn,CCNc1nc(NC(C)C)nc(SC)n1,5.8,SHM,CCNc1nc(NC(C)C)nc(SC)n1,-0.763427994,,-0.505149978,-0.763427994,-0.658324911,-0.698970004,-0.658324911,,0
1819,3940,Styrene,C=Cc1ccccc1,9.1,SHM,C=Cc1ccccc1,-0.959041392,,-0.604226053,-0.959041392,-0.763607072,-0.745580421,-0.763607072,,0
320,3942,"2,4,5-TRICHLOROPHENOL",Oc1cc(Cl)c(Cl)cc1Cl,1.7,SHM,Oc1cc(Cl)c(Cl)cc1Cl,-0.230448921,,0.603800653,-0.230448921,0.21494732,0.30980392,0.21494732,,0
1321,3943,DIBENZOFURAN,o1c2ccccc2c3ccccc13,1.8,SHM,c1ccc2c(c1)oc1ccccc12,-0.255272505,,-0.021189299,-0.414973348,-0.230478384,-0.255272505,-0.230478384,,0
1517,3944,Sodium dimethyldithiocarbamate,CN(C)C(=S)[S-],59,SHM,CN(C)C(=S)S,-1.770852012,,1.22184875,-1.770852012,-0.422691623,-0.570881615,-0.422691623,,1
1383,3945,"1,2-Dichlorobenzene",Clc1ccccc1Cl,9.7,SHM,Clc1ccccc1Cl,-0.986771734,,-0.206825876,-0.986771734,-0.680471707,-0.764144609,-0.680471707,,0
1349,3946,4-Chlorophenol,Oc1ccc(Cl)cc1,5.4,SHM,Oc1ccc(Cl)cc1,-0.73239376,,-0.279367579,-0.73239376,-0.542832133,-0.579783597,-0.542832133,,0
539,3947,Prometon,COc1nc(NC(C)C)nc(NC(C)C)n1,47.3,SHM,COc1nc(NC(C)C)nc(NC(C)C)n1,-1.674861141,,-1.079181246,-1.674861141,-1.255888833,-1.134756472,-1.255888833,,1
589,3948,Fluometuron,CN(C)C(=O)Nc1cccc(c1)C(F)(F)F,48,SHM,CN(C)C(=O)Nc1cccc(C(F)(F)F)c1,-1.681241237,,-0.471291711,-1.812913357,-1.314580266,-1.477121255,-1.314580266,,1
1766,3949,Fenoxaprop ethyl,CCOC(=O)C(C)Oc1ccc(Oc2oc3cc(Cl)ccc3n2)cc1,1,SHM,CCOC(=O)C(C)Oc1ccc(Oc2nc3ccc(Cl)cc3o2)cc1,0,,0.508638306,-0.852479994,-0.181013232,-0.190105621,-0.181013232,,0
292,3951,4-Nonylphenol,CCCCCCCCCc1ccc(O)cc1,0.46,SHM,CCCCCCCCCc1ccc(O)cc1,0.337242168,,0.89279003,0.337242168,0.657327324,0.679853714,0.657327324,,0
360,3952,Cybutryne,CSc1nc(NC2CC2)nc(NC(C)(C)C)n1,3.5,SHM,CSc1nc(NC2CC2)nc(NC(C)(C)C)n1,-0.544068044,,0.124938737,-0.544068044,-0.192150277,-0.1747359,-0.192150277,,0
375,3953,Terbutryn,CCNc1nc(NC(C)(C)C)nc(SC)n1,1.5,SHM,CCNc1nc(NC(C)(C)C)nc(SC)n1,-0.176091259,,0.086186148,-0.431363764,-0.14066539,-0.108741972,-0.14066539,,0
340,3954,Bifenox,COC(=O)c1cc(Oc2ccc(Cl)cc2Cl)ccc1[N+](=O)[O-],0.37,SHM,COC(=O)c1cc(Oc2ccc(Cl)cc2Cl)ccc1[N+](=O)[O-],0.431798276,,0.744727495,0.173925197,0.479771801,0.500217256,0.479771801,,0
152,3955,Tefluthrin,Cc1c(F)c(F)c(COC(=O)C2C(\C=C(/Cl)\C(F)(F)F)C2(C)C)c(F)c1F,0.00013,SHM,Cc1c(F)c(F)c(COC(=O)C2C(/C=C(\Cl)C(F)(F)F)C2(C)C)c(F)c1F,3.886056648,,4.22184875,3.886056648,4.053952699,4.053952699,4.053952699,,0
154,3956,Deltamethrin,CC1(C)[C@@H](C=C(Br)Br)[C@H]1C(=O)O[C@H](C#N)c2cccc(Oc3ccccc3)c2,0.00036,SHM,CC1(C)[C@@H](C=C(Br)Br)[C@H]1C(=O)O[C@H](C#N)c1cccc(Oc2ccccc2)c1,3.443697499,,3.602059991,3.443697499,3.51862041,3.514362076,3.51862041,,0
160,3957,tau-Fluvalinate,CC(C)[C@@H](Nc1ccc(cc1Cl)C(F)(F)F)C(=O)OC(C#N)c2cccc(Oc3ccccc3)c2,0.0017,SHM,CC(C)[C@@H](Nc1ccc(C(F)(F)F)cc1Cl)C(=O)OC(C#N)c1cccc(Oc2ccccc2)c1,2.769551079,,3.100179498,2.769551079,2.958785556,2.982705823,2.958785556,,0
251,3958,Chlorethoxyfos,CCOP(=S)(OCC)OC(Cl)C(Cl)(Cl)Cl,0.0018,SHM,CCOP(=S)(OCC)OC(Cl)C(Cl)(Cl)Cl,2.744727495,,2.744727495,1.050609993,1.871054911,1.844441079,1.871054911,,0
368,3959,Novaluron,FC(OC(F)(F)F)C(F)(F)Oc1ccc(NC(=O)NC(=O)c2c(F)cccc2F)cc1Cl,0.002,SHM,O=C(NC(=O)c1c(F)cccc1F)Nc1ccc(OC(F)(F)C(F)OC(F)(F)F)c(Cl)c1,2.698970004,,2.698970004,0.013228266,0.909975679,0.017728767,0.909975679,,0
1008,3960,Tralomethrin,CC1(C)[C@@H]([C@@H](Br)C(Br)(Br)Br)[C@H]1C(=O)O[C@H](C#N)c2cccc(Oc3ccccc3)c2,0.00248,SHM,CC1(C)[C@@H]([C@@H](Br)C(Br)(Br)Br)[C@H]1C(=O)O[C@H](C#N)c1cccc(Oc2ccccc2)c1,2.605548319,,2.795880017,2.552841969,2.651423435,2.605548319,2.651423435,,0
223,3961,Fenpyroximate,Cc1nn(C)c(Oc2ccccc2)c1\C=N\OCc3ccc(cc3)C(=O)OC(C)(C)C,0.0034,SHM,Cc1nn(C)c(Oc2ccccc2)c1/C=N/OCc1ccc(C(=O)OC(C)(C)C)cc1,2.468521083,,3.229147988,1.387216143,2.445963805,2.583745544,2.445963805,,0
986,3962,Cyfluthrin,CC1(C)[C@H](C=C(Cl)Cl)[C@H]1C(=O)O[C@H](C#N)c2ccc(F)c(Oc3ccccc3)c2,0.00405,SHM,CC1(C)[C@H](C=C(Cl)Cl)[C@H]1C(=O)O[C@H](C#N)c1ccc(F)c(Oc2ccccc2)c1,2.392544977,,4.167491087,2.392544977,3.269863569,3.259709107,3.269863569,,0
3963,3963,Fentrifanil,[O-][N+](=O)c1cc(c(Nc2cc(ccc2Cl)C(F)(F)F)c(c1)C(F)(F)F)[N+](=O)[O-],0.009,SHM,O=[N+]([O-])c1cc([N+](=O)[O-])c(Nc2cc(C(F)(F)F)ccc2Cl)c(C(F)(F)F)c1,2.045757491,,,,,,2.045757491,,0
171,3964,Etofenprox,CCOc1ccc(cc1)C(C)(C)COCc2cccc(Oc3ccccc3)c2,0.0165,SHM,CCOc1ccc(C(C)(C)COCc2cccc(Oc3ccccc3)c2)cc1,1.782516056,,2.627087997,1.782516056,2.386719131,2.568636236,2.386719131,,0
158,3965,Pyridaben,CC(C)(C)N1N=CC(=C(Cl)C1=O)SCc2ccc(cc2)C(C)(C)C,0.0172,SHM,CC(C)(C)c1ccc(CSc2cnn(C(C)(C)C)c(=O)c2Cl)cc1,1.764471553,,3.15490196,1.764471553,2.659782528,2.638272164,2.659782528,,0
189,3966,Fenamiphos,CCOP(=O)(NC(C)C)Oc1ccc(SC)c(C)c1,0.0175,SHM,CCOP(=O)(NC(C)C)Oc1ccc(SC)c(C)c1,1.756961951,,2.346787486,1.167491087,1.825689394,1.894239501,1.825689394,,0
1034,3967,"4,5-Dichloro-2-octyl-3(2H)-isothiazolone",CCCCCCCCN1SC(=C(Cl)C1=O)Cl,0.0205,SHM,CCCCCCCCn1sc(Cl)c(Cl)c1=O,1.688246139,,2.568636236,1.688246139,2.036918113,1.853871964,2.036918113,,0
1042,3968,Prallethrin,CC(=C[C@H]1[C@H](C(=O)O[C@@H]2CC(=O)C(=C2C)CC#C)C1(C)C)C,0.026,SHM,C#CCC1=C(C)[C@H](OC(=O)[C@H]2[C@H](C=C(C)C)C2(C)C)CC1=O,1.585026652,,1.920818754,1.585026652,1.721140908,1.657577319,1.721140908,,0
1054,3969,Milbemectin,CCC1O[C@]2(CCC1C)C[C@@H]3C[C@@H](CC=C(C)CC(C)C=CC=C4CO[C@@H]5[C@H](O)C(=C[C@@H](C(=O)O3)[C@]45O)C)O2,0.028,SHM,CCC1O[C@]2(CCC1C)C[C@@H]1C[C@@H](CC=C(C)CC(C)C=CC=C3CO[C@@H]4[C@H](O)C(C)=C[C@@H](C(=O)O1)[C@]34O)O2,1.552841969,,2.346787486,1.455931956,1.727100845,1.552841969,1.727100845,,0
1104,3970,Lactofen,CCOC(=O)C(C)OC(=O)c1cc(Oc2ccc(cc2Cl)C(F)(F)F)ccc1[N+](=O)[O-],0.032,SHM,CCOC(=O)C(C)OC(=O)c1cc(Oc2ccc(C(F)(F)F)cc2Cl)ccc1[N+](=O)[O-],1.494850022,,1.494850022,1,1.164950007,1,1.164950007,,0
215,3971,Spirodiclofen,CCC(C)(C)C(=O)OC1=C(C(=O)OC12CCCCC2)c3cc(Cl)cc(Cl)c3,0.0352,SHM,CCC(C)(C)C(=O)OC1=C(c2cc(Cl)cc(Cl)c2)C(=O)OC12CCCCC2,1.453457337,,1.455931956,1.453457337,1.454694646,1.454694646,1.454694646,,0
1097,3972,Tebupirimfos,CCOP(=S)(OC(C)C)Oc1cnc(nc1)C(C)(C)C,0.036,SHM,CCOP(=S)(Oc1cnc(C(C)(C)C)nc1)OC(C)C,1.443697499,,1.443697499,-0.346352974,0.715984839,1.050609993,0.715984839,,0
3973,3973,Bufencarb,CCC(CC)c1cccc(OC(=O)NC)c1,0.046,SHM,CCC(CC)c1cccc(OC(=O)NC)c1,1.337242168,,,,,,1.337242168,,0
1064,3974,Spiromesifen,Cc1cc(C)c(C2=C(OC(=O)C(C)(C)C)C3(CCCC3)OC2=O)c(C)c1,0.0463,SHM,Cc1cc(C)c(C2=C(OC(=O)C(C)(C)C)C3(CCCC3)OC2=O)c(C)c1,1.334419009,,1.468521083,1.334419009,1.399931906,1.396855627,1.399931906,,0
192,3975,Famoxadone,CC1(OC(=O)N(Nc2ccccc2)C1=O)c3ccc(Oc4ccccc4)cc3,0.0494,SHM,CC1(c2ccc(Oc3ccccc3)cc2)OC(=O)N(Nc2ccccc2)C1=O,1.306273051,,1.958607315,1.306273051,1.767938942,1.903437701,1.767938942,,0
840,3976,Pyraflufen-ethyl,CCOC(=O)COc1cc(c(F)cc1Cl)c2nn(C)c(OC(F)F)c2Cl,0.056,SHM,CCOC(=O)COc1cc(-c2nn(C)c(OC(F)F)c2Cl)c(F)cc1Cl,1.251811973,,1.251811973,1,1.125905986,1.125905986,1.125905986,,0
1037,3977,beta-Bromo-beta-nitrostyrene,[O-][N+](=O)\C(=C\c1ccccc1)\Br,0.057,SHM,O=[N+]([O-])/C(Br)=C/c1ccccc1,1.244125144,,1.769551079,1.244125144,1.527437486,1.568636236,1.527437486,,0
187,3978,Chlorfenapyr,CCOCn1c(c2ccc(Cl)cc2)c(C#N)c(Br)c1C(F)(F)F,0.0602,SHM,CCOCn1c(-c2ccc(Cl)cc2)c(C#N)c(Br)c1C(F)(F)F,1.220403509,,2.15490196,1.220403509,1.859818636,2.031984538,1.859818636,,0
822,3979,Pyraclostrobin,CON(C(=O)OC)c1ccccc1COc2ccn(n2)c3ccc(Cl)cc3,0.0769,SHM,COC(=O)N(OC)c1ccccc1COc1ccn(-c2ccc(Cl)cc2)n1,1.11407366,,2.22184875,1.11407366,1.871656467,2.07535173,1.871656467,,0
1078,3980,Trifloxystrobin,CON=C(C(=O)OC)c1ccccc1CON=C(C)c2cccc(c2)C(F)(F)F,0.078,SHM,CON=C(C(=O)OC)c1ccccc1CON=C(C)c1cccc(C(F)(F)F)c1,1.107905397,,1.853871964,1.107905397,1.409794534,1.26760624,1.409794534,,0
48,3981,Oxythioquinox (Chinomethionat),Cc1ccc2nc3SC(=O)Sc3nc2c1,0.129,SHM,Cc1ccc2nc3sc(=O)sc3nc2c1,0.88941029,,1.476253533,0.88941029,1.183676847,1.184521782,1.183676847,,0
1112,3982,"4-Nonylphenol, branched",CC(C)CCCCCCc1ccc(O)cc1,0.142,SHM,CC(C)CCCCCCc1ccc(O)cc1,0.847711656,,0.869344651,0.847711656,0.858797056,0.85933486,0.858797056,,0
241,3983,Octhilinone,CCCCCCCCN1SC=CC1=O,0.16,SHM,CCCCCCCCn1sccc1=O,0.795880017,,1.327902142,0.795880017,0.992124157,0.853871964,0.992124157,,0
226,3984,Fluthiacet-methyl,COC(=O)CSc1cc(\N=C\2/SC(=O)N3CCCCN23)c(F)cc1Cl,0.16,SHM,COC(=O)CSc1cc(/N=c2\sc(=O)n3n2CCCC3)c(F)cc1Cl,0.795880017,,1.366531544,0.795880017,1.095703768,1.110201754,1.095703768,,0
887,3985,Etoxazole,CCOc1cc(ccc1C2COC(=N2)c3c(F)cccc3F)C(C)(C)C,0.16,SHM,CCOc1cc(C(C)(C)C)ccc1C1COC(c2c(F)cccc2F)=N1,0.795880017,,0.795880017,-0.447158031,0.290533577,0.522878745,0.290533577,,0
1116,3986,Cyazofamid,CN(C)S(=O)(=O)n1c(nc(Cl)c1c2ccc(C)cc2)C#N,0.167,SHM,Cc1ccc(-c2c(Cl)nc(C#N)n2S(=O)(=O)N(C)C)cc1,0.777283529,,0.853871964,0.777283529,0.815577747,0.815577747,0.815577747,,0
304,3987,Butralin,CCC(C)Nc1c(cc(cc1[N+](=O)[O-])C(C)(C)C)[N+](=O)[O-],0.18,SHM,CCC(C)Nc1c([N+](=O)[O-])cc(C(C)(C)C)cc1[N+](=O)[O-],0.744727495,,0.744727495,0,0.402081012,0.431798276,0.402081012,,0
1780,3988,Diundecyl phthalate,CCCCCCCCCCCOC(=O)c1ccccc1C(=O)OCCCCCCCCCCC,0.22,SHM,CCCCCCCCCCCOC(=O)c1ccccc1C(=O)OCCCCCCCCCCC,0.657577319,,0.657577319,-0.146128036,0.194723676,0.13372271,0.194723676,,0
1188,3989,Hexythiazox,C[C@H]1[C@@H](SC(=O)N1C(=O)NC2CCCCC2)c3ccc(Cl)cc3,0.24,SHM,C[C@H]1[C@H](c2ccc(Cl)cc2)SC(=O)N1C(=O)NC1CCCCC1,0.619788758,,0.619788758,-0.602059991,0.097817632,0.27572413,0.097817632,,0
3130,3990,Metaflumizone,FC(F)(F)Oc1ccc(NC(=O)N\N=C(/Cc2ccc(cc2)C#N)\c3cccc(c3)C(F)(F)F)cc1,0.257,SHM,N#Cc1ccc(C/C(=N\NC(=O)Nc2ccc(OC(F)(F)F)cc2)c2cccc(C(F)(F)F)c2)cc1,0.590066877,,0.590066877,0.135488919,0.362777898,0.362777898,0.362777898,,0
67,3991,Pyriproxyfen,CC(COc1ccc(Oc2ccccc2)cc1)Oc3ccccn3,0.32,SHM,CC(COc1ccc(Oc2ccccc2)cc1)Oc1ccccn1,0.494850022,,0.568636236,0.488116639,0.530059783,0.531743129,0.530059783,,0
1277,3992,"1,2,4,5-Tetrachlorobenzene",Clc1cc(Cl)c(Cl)cc1Cl,0.33,SHM,Clc1cc(Cl)c(Cl)cc1Cl,0.48148606,,1.050609993,-0.204119983,0.312198706,0.201152407,0.312198706,,0
1151,3993,5-Chloro-2-methyl-3(2H)-isothiazolone,CN1SC(=CC1=O)Cl,0.36,SHM,Cn1sc(Cl)cc1=O,0.443697499,,0.721246399,0.443697499,0.562607548,0.522878745,0.562607548,,0
75,3995,Bifenazate,COc1ccc(cc1NNC(=O)OC(C)C)c2ccccc2,0.416,SHM,COc1ccc(-c2ccccc2)cc1NNC(=O)OC(C)C,0.380906669,,0.380906669,0.119186408,0.243309272,0.236572006,0.243309272,,0
1492,3996,Butyl ether,CCCCOCCCC,0.43,SHM,CCCCOCCCC,0.366531544,,0.366531544,-1.509202522,-0.845122644,-1.392696953,-0.845122644,,0
1167,3997,Di-isodecyl phthalate (DIDP),CC(C)(C)CCCCCCOC(=O)c1ccccc1C(=O)OCCCCCCC(C)(C)C,0.47,SHM,CC(C)(C)CCCCCCOC(=O)c1ccccc1C(=O)OCCCCCCC(C)(C)C,0.327902142,,0.431798276,0.207608311,0.323802718,0.327902142,0.323802718,,0
1136,3998,PHENANTHRENE,c1ccc2c(c1)ccc3ccccc23,0.478,SHM,c1ccc2c(c1)ccc1ccccc12,0.320572103,,0.630784143,0.320572103,0.459108326,0.425968732,0.459108326,,0
1750,3999,Diisooctyl phthalate,CC(C)CCCCCOC(=O)c1ccccc1C(=O)OCCCCCC(C)C,0.48,SHM,CC(C)CCCCCOC(=O)c1ccccc1C(=O)OCCCCCC(C)C,0.318758763,,0.886056648,0.318758763,0.674239885,0.746072064,0.674239885,,0
298,4000,Buprofezin,CC(C)N1\C(=N\C(C)(C)C)\SCN(C1=O)c2ccccc2,0.5,SHM,CC(C)N1C(=O)N(c2ccccc2)CS/C1=N\C(C)(C)C,0.301029996,,0.585026652,0.301029996,0.48814234,0.533256356,0.48814234,,0
1113,4001,Ditridecyl phthalate,CCCCCCCCCCCCCOC(=O)c1ccccc1C(=O)OCCCCCCCCCCCCC,0.65,SHM,CCCCCCCCCCCCCOC(=O)c1ccccc1C(=O)OCCCCCCCCCCCCC,0.187086643,,0.920818754,0.187086643,0.696421526,0.838890353,0.696421526,,0
356,4002,metrafenone,COc1cc(C)c(C(=O)c2c(C)c(Br)ccc2OC)c(OC)c1OC,0.65,SHM,COc1cc(C)c(C(=O)c2c(OC)ccc(Br)c2C)c(OC)c1OC,0.187086643,,0.187086643,0.060480747,0.111251179,0.086186148,0.111251179,,0
317,4003,Azoxystrobin,CO\C=C(\C(=O)OC)/c1ccccc1Oc2cc(Oc3ccccc3C#N)ncn2,0.671,SHM,CO/C=C(/C(=O)OC)c1ccccc1Oc1cc(Oc2ccccc2C#N)ncn1,0.17327748,,0.327902142,-0.041392685,0.19692227,0.250589811,0.19692227,,0
1309,4004,1-Chloronaphthalene,Clc1cccc2ccccc12,0.69,SHM,Clc1cccc2ccccc12,0.161150909,,0.161150909,-0.361727836,-0.100288463,-0.100288463,-0.100288463,,0
94,4005,Tebufenozide,CCc1ccc(cc1)C(=O)NN(C(=O)c2cc(C)cc(C)c2)C(C)(C)C,0.72,SHM,CCc1ccc(C(=O)NN(C(=O)c2cc(C)cc(C)c2)C(C)(C)C)cc1,0.142667504,,0.142667504,-0.730782276,-0.38558932,-0.477121255,-0.38558932,,0
266,4006,Zoxamide,CCC(C)(NC(=O)c1cc(Cl)c(C)c(Cl)c1)C(=O)CCl,0.86,SHM,CCC(C)(NC(=O)c1cc(Cl)c(C)c(Cl)c1)C(=O)CCl,0.065501549,,0.806875402,0.065501549,0.442657469,0.449126463,0.442657469,,0
345,4007,"Ethyl-4,4'-dichlorobenzilate",CCOC(=O)C(O)(c1ccc(Cl)cc1)c2ccc(Cl)cc2,0.88,SHM,CCOC(=O)C(O)(c1ccc(Cl)cc1)c1ccc(Cl)cc1,0.055517328,,0.173925197,-0.204119983,0.045056126,0.105209644,0.045056126,,0
1253,4008,Difenoconazole,CC1COC(Cn2cncn2)(O1)c3ccc(Oc4ccc(Cl)cc4)cc3Cl,0.89,SHM,CC1COC(Cn2cncn2)(c2ccc(Oc3ccc(Cl)cc3)cc2Cl)O1,0.050609993,,0.091514981,-0.255272505,-0.048082194,-0.014285626,-0.048082194,,0
1157,4009,"N-[(1R,2S)-2,6-Dimethyl-2,3-dihydro-1H-inden-1-yl]-6-(1-fluoroethyl)-1,3,5-triazine-2,4-diamine",CC(F)c1nc(N)nc(NC2C(C)Cc3ccc(C)cc23)n1,0.96,SHM,Cc1ccc2c(c1)C(Nc1nc(N)nc(C(C)F)n1)C(C)C2,0.017728767,,0.494850022,0.017728767,0.217173009,0.178056623,0.217173009,,0
1185,4010,Kresoxim-methyl,CON=C(C(=O)OC)c1ccccc1COc2ccccc2C,1.173,SHM,CON=C(C(=O)OC)c1ccccc1COc1ccccc1C,-0.069298012,,0.721246399,-0.069298012,0.31794928,0.301899454,0.31794928,,0
283,4011,Fludioxonil,FC1(F)Oc2cccc(c2O1)c3c[nH]cc3C#N,1.2,SHM,N#Cc1c[nH]cc1-c1cccc2c1OC(F)(F)O2,-0.079181246,,0.638272164,-0.079181246,0.25591755,0.232289641,0.25591755,,0
429,4012,Cyprodinil,Cc1cc(nc(Nc2ccccc2)n1)C3CC3,1.25,SHM,Cc1cc(C2CC2)nc(Nc2ccccc2)n1,-0.096910013,,-0.096910013,-0.382017043,-0.299850148,-0.360236768,-0.299850148,,0
1107,4013,"1,2-Benzenedicarboxylic acid, butyl 2-ethylhexyl ester",CCCCOC(=O)c1ccccc1C(=O)OCC(CC)CCCC,1.36,SHM,CCCCOC(=O)c1ccccc1C(=O)OCC(CC)CCCC,-0.133538908,,0.958607315,-0.133538908,0.61678339,0.821032576,0.61678339,,0
92,4014,Quizalofop-ethyl,CCOC(=O)C(C)Oc1ccc(Oc2cnc3cc(Cl)ccc3n2)cc1,1.4,SHM,CCOC(=O)C(C)Oc1ccc(Oc2cnc3cc(Cl)ccc3n2)cc1,-0.146128036,,0.337242168,-0.447158031,-0.028344099,-0.001730266,-0.028344099,,0
7,4015,Pentachloronitrobenzene,[O-][N+](=O)c1c(Cl)c(Cl)c(Cl)c(Cl)c1Cl,1.5,SHM,O=[N+]([O-])c1c(Cl)c(Cl)c(Cl)c(Cl)c1Cl,-0.176091259,,1,-0.176091259,0.583136762,0.754319153,0.583136762,,0
3044,4016,NSC520046,CN1Sc2ccccc2C1=O,1.5,SHM,Cn1sc2ccccc2c1=O,-0.176091259,,0.619788758,-0.176091259,0.22184875,0.22184875,0.22184875,,0
383,4017,Oxadiazon,CC(C)Oc1cc(N2N=C(OC2=O)C(C)(C)C)c(Cl)cc1Cl,1.5,SHM,CC(C)Oc1cc(-n2nc(C(C)(C)C)oc2=O)c(Cl)cc1Cl,-0.176091259,,0.055517328,-0.176091259,-0.055236119,-0.050185273,-0.055236119,,0
1276,4018,Acibenzolar-S-methyl,CSC(=O)c1cccc2nnsc12,1.7,SHM,CSC(=O)c1cccc2nnsc12,-0.230448921,,-0.204119983,-0.230448921,-0.217284452,-0.217284452,-0.217284452,,0
370,4019,"2,2-Dibromo-3-nitrilopropionamide",NC(=O)C(Br)(Br)C#N,1.71,SHM,N#CC(Br)(Br)C(N)=O,-0.23299611,,0.259637311,-0.23299611,-0.015705646,0,-0.015705646,,0
394,4020,Fenbuconazole,Clc1ccc(CCC(Cn2cncn2)(C#N)c3ccccc3)cc1,1.8,SHM,N#CC(CCc1ccc(Cl)cc1)(Cn1cncn1)c1ccccc1,-0.255272505,,0.167491087,-0.255272505,-0.109990984,-0.176091259,-0.109990984,,0
1248,4021,"Bicyclo[2.2.1]heptane, 2,2-dimethyl-3-methylene-",CC1(C)C2CCC(C2)C1=C,1.9,SHM,C=C1C2CCC(C2)C1(C)C,-0.278753601,,-0.068185862,-0.278753601,-0.173469731,-0.173469731,-0.173469731,,0
4022,4022,Fluoxetine hydrochloride,CNCCC(Oc1ccc(cc1)C(F)(F)F)c2ccccc2,1.976,SHM,CNCCC(Oc1ccc(C(F)(F)F)cc1)c1ccccc1,-0.29578694,,,,,,-0.29578694,,0
302,4023,Acetochlor,CCOCN(C(=O)CCl)c1c(C)cccc1CC,2.1,SHM,CCOCN(C(=O)CCl)c1c(C)cccc1CC,-0.322219295,,0.443697499,-0.322219295,0.106937814,0.153136526,0.106937814,,0
852,4024,Dithiopyr,CSC(=O)c1c(CC(C)C)c(C(=O)SC)c(nc1C(F)F)C(F)(F)F,2.16,SHM,CSC(=O)c1c(C(F)F)nc(C(F)(F)F)c(C(=O)SC)c1CC(C)C,-0.334453751,,0.443697499,-0.334453751,0.193597015,0.332572155,0.193597015,,0
1769,4025,"2,3-Dinitrotoluene",Cc1cccc(c1[N+](=O)[O-])[N+](=O)[O-],2.3,SHM,Cc1cccc([N+](=O)[O-])c1[N+](=O)[O-],-0.361727836,,0.48148606,-0.361727836,-0.045171427,-0.255272505,-0.045171427,,0
1285,4026,Diphenyl oxide,O(c1ccccc1)c2ccccc2,2.4,SHM,c1ccc(Oc2ccccc2)cc1,-0.380211242,,-0.230448921,-0.602059991,-0.404240051,-0.380211242,-0.404240051,,0
347,4027,Fenamidone,CSC1=N[C@](C)(C(=O)N1Nc2ccccc2)c3ccccc3,2.5,SHM,CSC1=N[C@@](C)(c2ccccc2)C(=O)N1Nc1ccccc1,-0.397940009,,0.13076828,-0.397940009,-0.001408792,0.13076828,-0.001408792,,0
436,4028,Flufenpyr-ethyl,CCOC(=O)COc1cc(N2N=CC(=C(C)C2=O)C(F)(F)F)c(F)cc1Cl,2.7,SHM,CCOC(=O)COc1cc(-n2ncc(C(F)(F)F)c(C)c2=O)c(F)cc1Cl,-0.431363764,,-0.397940009,-0.568201724,-0.457217315,-0.431363764,-0.457217315,,0
894,4029,Methoxyfenozide,COc1cccc(C(=O)NN(C(=O)c2cc(C)cc(C)c2)C(C)(C)C)c1C,2.8,SHM,COc1cccc(C(=O)NN(C(=O)c2cc(C)cc(C)c2)C(C)(C)C)c1C,-0.447158031,,-0.447158031,-0.633468456,-0.581781267,-0.62324929,-0.581781267,,0
455,4030,Thiazopyr,COC(=O)c1c(CC(C)C)c(C2=NCCS2)c(nc1C(F)F)C(F)(F)F,2.9,SHM,COC(=O)c1c(C(F)F)nc(C(F)(F)F)c(C2=NCCS2)c1CC(C)C,-0.462397998,,-0.462397998,-0.544068044,-0.517355969,-0.531478917,-0.517355969,,0
888,4031,Oryzalin,CCCN(CCC)c1c(cc(cc1[N+](=O)[O-])S(=O)(=O)N)[N+](=O)[O-],3.04,SHM,CCCN(CCC)c1c([N+](=O)[O-])cc(S(N)(=O)=O)cc1[N+](=O)[O-],-0.482873584,,-0.456366033,-0.5132176,-0.477962426,-0.471133036,-0.477962426,,0
88,4032,Flufenacet,CC(C)N(C(=O)COc1nnc(s1)C(F)(F)F)c2ccc(F)cc2,3.38,SHM,CC(C)N(C(=O)COc1nnc(C(F)(F)F)s1)c1ccc(F)cc1,-0.5289167,,-0.328379603,-0.542825427,-0.438557542,-0.44151257,-0.438557542,,0
96,4033,Tetraconazole,FC(F)C(F)(F)OCC(Cn1cncn1)c2ccc(Cl)cc2Cl,3.4,SHM,FC(F)C(F)(F)OCC(Cn1cncn1)c1ccc(Cl)cc1Cl,-0.531478917,,-0.477121255,-0.633468456,-0.558561346,-0.561827837,-0.558561346,,0
443,4034,Vinclozolin,CC1(OC(=O)N(C1=O)c2cc(Cl)cc(Cl)c2)C=C,3.5,SHM,C=CC1(C)OC(=O)N(c2cc(Cl)cc(Cl)c2)C1=O,-0.544068044,,-0.45331834,-1.67669361,-0.781849584,-0.498693192,-0.781849584,,0
1794,4035,Sethoxydim,CCCC(=NOCC)C1=C(O)CC(CC(C)SCC)CC1=O,3.5,SHM,CCCC(=NOCC)C1C(=O)CC(CC(C)SCC)CC1=O,-0.544068044,,-0.079181246,-0.544068044,-0.275789758,-0.204119983,-0.275789758,,0
1398,4036,"1,2,3,5-Tetrachlorobenzene",Clc1cc(Cl)c(Cl)c(Cl)c1,3.7,SHM,Clc1cc(Cl)c(Cl)c(Cl)c1,-0.568201724,,0.886056648,-0.806179974,-0.162775017,-0.568201724,-0.162775017,,0
1795,4037,"2,4-dichloro-6-methylphenol",Cc1cc(Cl)cc(Cl)c1O,3.7,SHM,Cc1cc(Cl)cc(Cl)c1O,-0.568201724,,-0.204119983,-0.568201724,-0.386160853,-0.386160853,-0.386160853,,0
435,4038,Boscalid,Clc1ccc(cc1)c2ccccc2NC(=O)c3cccnc3Cl,3.86,SHM,O=C(Nc1ccccc1-c1ccc(Cl)cc1)c1cccnc1Cl,-0.586587305,,-0.431363764,-0.586587305,-0.504379139,-0.499782744,-0.504379139,,0
884,4039,Terrazole,CCOc1nc(ns1)C(Cl)(Cl)Cl,4,SHM,CCOc1nc(C(Cl)(Cl)Cl)ns1,-0.602059991,,0.113509275,-0.602059991,-0.289587319,-0.380211242,-0.289587319,,0
1788,4040,MCPA-2-ethylhexyl,CCCCC(CC)COC(=O)COc1ccc(Cl)cc1C,4.1,SHM,CCCCC(CC)COC(=O)COc1ccc(Cl)cc1C,-0.612783857,,-0.06069784,-0.612783857,-0.392877225,-0.505149978,-0.392877225,,0
445,4041,2-(4-Chlorophenyl)-N-{2-[3-methoxy-4-(2-propyn-1-yloxy)phenyl]ethyl}-2-(2-propyn-1-yloxy)acetamide,COc1cc(CCNC(=O)C(OCC#C)c2ccc(Cl)cc2)ccc1OCC#C,4.5,SHM,C#CCOc1ccc(CCNC(=O)C(OCC#C)c2ccc(Cl)cc2)cc1OC,-0.653212514,,-0.462397998,-0.763427994,-0.630622795,-0.648332595,-0.630622795,,0
396,4042,Biphenyl,c1ccc(cc1)c2ccccc2,4.6,SHM,c1ccc(-c2ccccc2)cc1,-0.662757832,,-0.161368002,-0.662757832,-0.277164673,-0.176091259,-0.277164673,,0
1422,4043,Butafenacil,CN1C(=O)N(C(=O)C=C1C(F)(F)F)c2ccc(Cl)c(c2)C(=O)OC(C)(C)C(=O)OCC=C,4.6,SHM,C=CCOC(=O)C(C)(C)OC(=O)c1cc(-n2c(=O)cc(C(F)(F)F)n(C)c2=O)ccc1Cl,-0.662757832,,-0.591064607,-0.968482949,-0.740768462,-0.662757832,-0.740768462,,0
415,4044,Myclobutanil,CCCCC(Cn1cncn1)(C#N)c2ccc(Cl)cc2,4.7,SHM,CCCCC(C#N)(Cn1cncn1)c1ccc(Cl)cc1,-0.672097858,,-0.301029996,-0.672097858,-0.494147096,-0.501730266,-0.494147096,,0
426,4045,Flumioxazin,Fc1cc2OCC(=O)N(CC#C)c2cc1N3C(=O)C4=C(CCCC4)C3=O,4.7,SHM,C#CCN1C(=O)COc2cc(F)c(N3C(=O)C4=C(CCCC4)C3=O)cc21,-0.672097858,,-0.361727836,-1.322219295,-0.679443206,-0.516912847,-0.679443206,,0
891,4047,Hexaconazole,CCCCC(O)(Cn1cncn1)c2ccc(Cl)cc2Cl,5.6,SHM,CCCCC(O)(Cn1cncn1)c1ccc(Cl)cc1Cl,-0.748188027,,-0.531478917,-0.748188027,-0.641755179,-0.643676886,-0.641755179,,0
1384,4048,Triticonazole,CC1(C)CCC(=Cc2ccc(Cl)cc2)C1(O)Cn3cncn3,5.7,SHM,CC1(C)CCC(=Cc2ccc(Cl)cc2)C1(O)Cn1cncn1,-0.755874856,,-0.361727836,-0.755874856,-0.62193024,-0.748188027,-0.62193024,,0
311,4049,Triazamate,CCOC(=O)CSc1nc(nn1C(=O)N(C)C)C(C)(C)C,5.8,SHM,CCOC(=O)CSc1nc(C(C)(C)C)nn1C(=O)N(C)C,-0.763427994,,0.366531544,-0.763427994,-0.08870939,0.13076828,-0.08870939,,0
472,4050,Tebuconazole,CC(C)(C)C(O)(CCc1ccc(Cl)cc1)Cn2cncn2,5.9,SHM,CC(C)(C)C(O)(CCc1ccc(Cl)cc1)Cn1cncn1,-0.770852012,,-0.643452676,-0.770852012,-0.703408055,-0.699663766,-0.703408055,,0
406,4051,Isoxaflutole,CS(=O)(=O)c1cc(ccc1C(=O)c2cnoc2C3CC3)C(F)(F)F,6.4,SHM,CS(=O)(=O)c1cc(C(F)(F)F)ccc1C(=O)c1cnoc1C1CC1,-0.806179974,,-0.230448921,-0.806179974,-0.480072583,-0.441830718,-0.480072583,,0
1851,4052,Tepraloxydim,CCC(=NOC\C=C\Cl)C1=C(O)CC(CC1=O)C2CCOCC2,6.8,SHM,CCC(=NOC/C=C/Cl)C1C(=O)CC(C2CCOCC2)CC1=O,-0.832508913,,-0.648360011,-1.891537458,-1.12413546,-0.832508913,-1.12413546,,0
433,4054,Dimethenamid,COCC(C)N(C(=O)CCl)c1c(C)csc1C,7.2,SHM,COCC(C)N(C(=O)CCl)c1c(C)csc1C,-0.857332496,,-0.414973348,-0.857332496,-0.623364792,-0.610576661,-0.623364792,,0
1374,4055,"1,3-Dichlorobenzene",Clc1cccc(Cl)c1,7.8,SHM,Clc1cccc(Cl)c1,-0.892094603,,-0.698970004,-0.892094603,-0.827719737,-0.892094603,-0.827719737,,0
73,4056,Fluazifop butyl,CCCCOC(=O)C(C)Oc1ccc(Oc2ccc(cn2)C(F)(F)F)cc1,8.04,SHM,CCCCOC(=O)C(C)Oc1ccc(Oc2ccc(C(F)(F)F)cn2)cc1,-0.905256049,,0.431798276,-0.905256049,-0.014245725,0.27572413,-0.014245725,,0
1814,4057,"1,2-Dibromo-2,4-dicyanobutane",BrCC(Br)(CCC#N)C#N,8.3,SHM,N#CCCC(Br)(C#N)CBr,-0.919078092,,-0.243038049,-0.919078092,-0.591633333,-0.612783857,-0.591633333,,0
520,4058,Halofenozide,CC(C)(C)N(NC(=O)c1ccc(Cl)cc1)C(=O)c2ccccc2,8.8,SHM,CC(C)(C)N(NC(=O)c1ccc(Cl)cc1)C(=O)c1ccccc1,-0.944482672,,-0.924279286,-0.944482672,-0.934439715,-0.934498451,-0.934439715,,0
516,4059,Norflurazon,CNC1=C(Cl)C(=O)N(N=C1)c2cccc(c2)C(F)(F)F,9.58,SHM,CNc1cnn(-c2cccc(C(F)(F)F)c2)c(=O)c1Cl,-0.981365509,,-0.908485019,-1.212187604,-1.002630788,-0.944925264,-1.002630788,,0
328,4061,Thiabendazole,c1ccc2[nH]c(nc2c1)c3cscn3,10,SHM,c1ccc2[nH]c(-c3cscn3)nc2c1,-1,,0.259637311,-1.113943352,-0.400623517,-0.374094014,-0.400623517,,1
390,4062,Fenhexamid,CC1(CCCCC1)C(=O)Nc2ccc(O)c(Cl)c2Cl,11,SHM,CC1(C(=O)Nc2ccc(O)c(Cl)c2Cl)CCCCC1,-1.041392685,,-0.093421685,-1.041392685,-0.448986319,-0.330565452,-0.448986319,,1
523,4063,"2,4-DIMETHYLPHENOL",Cc1ccc(O)c(C)c1,11.8,SHM,Cc1ccc(O)c(C)c1,-1.071882007,,-0.799340549,-1.187520721,-0.997263786,-0.963787827,-0.997263786,,1
900,4065,Dimethenamid-P,COC[C@H](C)N(C(=O)CCl)c1c(C)csc1C,12,SHM,COC[C@H](C)N(C(=O)CCl)c1c(C)csc1C,-1.079181246,,-0.799340549,-1.079181246,-0.919465586,-0.899670275,-0.919465586,,1
906,4066,Siduron,CC1CCCCC1NC(=O)Nc2ccccc2,12.3,SHM,CC1CCCCC1NC(=O)Nc1ccccc1,-1.089905111,,-0.908485019,-1.089905111,-0.968958383,-0.908485019,-0.968958383,,1
792,4067,Glufosinate-ammonium,CP(=O)(O)CCC(N)C(=O)[O-],13.1,SHM,CP(=O)(O)CCC(N)C(=O)O,-1.117271296,,-1.088844563,-2.851258349,-1.733108868,-1.49616628,-1.733108868,,1
500,4068,Napropamide,CCN(CC)C(=O)C(C)Oc1cccc2ccccc12,14,SHM,CCN(CC)C(=O)C(C)Oc1cccc2ccccc12,-1.146128036,,-0.819543936,-1.146128036,-1.004495268,-1.02615455,-1.004495268,,1
403,4069,"1,2-Benzisothiazolin-3-one",O=C1NSc2ccccc12,16,SHM,O=c1[nH]sc2ccccc12,-1.204119983,,0.777283529,-1.204119983,-0.090837549,0.031743129,-0.090837549,,1
530,4070,Pinoxaden,CCc1cc(C)cc(CC)c1C2=C(OC(=O)C(C)(C)C)N3CCOCCN3C2=O,16,SHM,CCc1cc(C)cc(CC)c1-c1c(OC(=O)C(C)(C)C)n2n(c1=O)CCOCC2,-1.204119983,,-0.371067862,-1.301029996,-0.972263766,-1.108478604,-0.972263766,,1
1337,4071,S-Metolachlor,CCc1cccc(C)c1N([C@@H](C)COC)C(=O)CCl,17,SHM,CCc1cccc(C)c1N(C(=O)CCl)[C@@H](C)COC,-1.230448921,,-0.505149978,-1.230448921,-0.93704862,-1.075546961,-0.93704862,,1
1838,4072,Thiacloprid,Clc1ccc(CN2CCSC2=NC#N)cn1,19.7,SHM,N#CN=C1SCCN1Cc1ccc(Cl)nc1,-1.294466226,,-1.294466226,-2.017033339,-1.548226762,-1.440703742,-1.548226762,,1
1164,4073,"Bromo-3-chloro-5,5-dimethylhydantoin",CC1(C)N(Br)C(=O)N(Cl)C1=O,20,SHM,CC1(C)C(=O)N(Cl)C(=O)N1Br,-1.301029996,,0.853871964,-1.301029996,-0.001153511,0.443697499,-0.001153511,,1
1334,4074,"1,2,4-TRICHLOROBENZENE",Clc1ccc(Cl)c(Cl)c1,21,SHM,Clc1ccc(Cl)c(Cl)c1,-1.322219295,,-0.120573931,-1.322219295,-0.590927313,-0.460458013,-0.590927313,,1
918,4075,Cyproconazole,CC(C1CC1)C(O)(Cn2cncn2)c3ccc(Cl)cc3,21,SHM,CC(C1CC1)C(O)(Cn1cncn1)c1ccc(Cl)cc1,-1.322219295,,-1.278753601,-1.322219295,-1.300486448,-1.300486448,-1.300486448,,1
1534,4076,Dimethyl phthalate,COC(=O)c1ccccc1C(=O)OC,29,SHM,COC(=O)c1ccccc1C(=O)OC,-1.462397998,,-1.462397998,-1.748188027,-1.625155159,-1.645017306,-1.625155159,,1
115,4078,Glutaraldehyde,O=CCCCC=O,31.4,SHM,O=CCCCC=O,-1.496929648,,-0.73239376,-1.496929648,-1.129503057,-1.086359831,-1.129503057,,1
1489,4079,Pyridalyl,FC(F)(F)c1ccc(OCCCOc2c(Cl)cc(OCC=C(Cl)Cl)cc2Cl)nc1,32,SHM,FC(F)(F)c1ccc(OCCCOc2c(Cl)cc(OCC=C(Cl)Cl)cc2Cl)nc1,-1.505149978,,0.301029996,-1.505149978,-0.861443741,-1.380211242,-0.861443741,,1
566,4080,Thidiazuron,O=C(Nc1ccccc1)Nc2cnns2,36,SHM,O=C(Nc1ccccc1)Nc1cnns1,-1.556302501,,-1.278753601,-1.556302501,-1.40473992,-1.39195179,-1.40473992,,1
550,4081,Clomazone,CC1(C)CON(Cc2ccccc2Cl)C1=O,40.6,SHM,CC1(C)CON(Cc2ccccc2Cl)C1=O,-1.608526034,,-1.190331698,-1.608526034,-1.402272562,-1.405116259,-1.402272562,,1
735,4082,Fosthiazate,CCOP(=O)(SC(C)CC)N1CCSC1=O,46.5,SHM,CCOP(=O)(SC(C)CC)N1CCSC1=O,-1.667452953,,-1.667452953,-2.195899652,-1.991395109,-2.051113915,-1.991395109,,1
1529,4083,p-Cymene,CC(C)c1ccc(C)cc1,48,SHM,Cc1ccc(C(C)C)cc1,-1.681241237,,-1.643452676,-1.681241237,-1.662346957,-1.662346957,-1.662346957,,1
532,4084,Cyclanilide,OC(=O)C1(CC1)C(=O)Nc2ccc(Cl)cc2Cl,49,SHM,O=C(O)C1(C(=O)Nc2ccc(Cl)cc2Cl)CC1,-1.69019608,,-1.041392685,-1.69019608,-1.244275358,-1.122756334,-1.244275358,,1
1528,4087,Nitrobenzene,[O-][N+](=O)c1ccccc1,59,SHM,O=[N+]([O-])c1ccccc1,-1.770852012,,-1.384759557,-1.770852012,-1.608379654,-1.638953523,-1.608379654,,1
1666,4089,"1,3-Dichloropropane",ClCCCCl,87,SHM,ClCCCCl,-1.939519253,,-1.939519253,-2.716003344,-2.209857833,-1.974050903,-2.209857833,,1
946,4090,Foramsulfuron,COc1cc(OC)nc(NC(=O)NS(=O)(=O)c2cc(NC=O)ccc2C(=O)N(C)C)n1,93.6,SHM,COc1cc(OC)nc(NC(=O)NS(=O)(=O)c2cc(NC=O)ccc2C(=O)N(C)C)n1,-1.971275849,,-1.971275849,-2.011570444,-1.996684365,-2.001945583,-1.996684365,,1
1606,4091,Clothianidin,CNC(=N[N+](=O)[O-])NCc1cnc(Cl)s1,93.6,SHM,CNC(=N[N+](=O)[O-])NCc1cnc(Cl)s1,-1.971275849,,-1.971275849,-2.068185862,-2.021315793,-2.024485668,-2.021315793,,1
664,4092,Imazamox,COCc1cnc(C2=NC(C)(C(C)C)C(=O)N2)c(c1)C(=O)O,94.2,SHM,COCc1cnc(C2=NC(C)(C(C)C)C(=O)N2)c(C(=O)O)c1,-1.974050903,,-1.974050903,-2.086359831,-2.044376603,-2.075546961,-2.044376603,,1
957,4093,Quinclorac,OC(=O)c1c(Cl)ccc2cc(Cl)cnc12,94.4,SHM,O=C(O)c1c(Cl)ccc2cc(Cl)cnc12,-1.974971994,,-1.499687083,-2,-1.849086388,-1.948329235,-1.849086388,,1
1601,4094,"2-Chloro-4-fluoro-N-[isopropyl(methyl)sulfamoyl]-5-[3-methyl-2,6-dioxo-4-(trifluoromethyl)-3,6-dihydro-1(2H)-pyrimidinyl]benzamide",CC(C)N(C)S(=O)(=O)NC(=O)c1cc(N2C(=O)C=C(N(C)C2=O)C(F)(F)F)c(F)cc1Cl,98,SHM,CC(C)N(C)S(=O)(=O)NC(=O)c1cc(-n2c(=O)cc(C(F)(F)F)n(C)c2=O)c(F)cc1Cl,-1.991226076,,-1.991226076,-2.049218023,-2.024622618,-2.033423755,-2.024622618,,1
4095,4095,Imazapic,CC(C)C1(C)NC(=NC1=O)c2ncc(C)cc2C(=O)O,98.7,SHM,Cc1cnc(C2=NC(=O)C(C)(C(C)C)N2)c(C(=O)O)c1,-1.994317153,,,,,,-1.994317153,,1
1539,4096,Pirimicarb,CN(C)C(=O)Oc1nc(nc(C)c1C)N(C)C,100,SHM,Cc1nc(N(C)C)nc(OC(=O)N(C)C)c1C,-2,,-1.462397998,-2.004321374,-1.801770515,-1.870181345,-1.801770515,,1
924,4097,Primisulfuron-methyl,COC(=O)c1ccccc1S(=O)(=O)NC(=O)Nc2nc(OC(F)F)cc(OC(F)F)n2,100,SHM,COC(=O)c1ccccc1S(=O)(=O)NC(=O)Nc1nc(OC(F)F)cc(OC(F)F)n1,-2,,-1.113943352,-2,-1.564395647,-1.571819618,-1.564395647,,1
1866,4098,Acetamiprid,CN(Cc1ccc(Cl)nc1)C(=NC#N)C,100,SHM,CC(=NC#N)N(C)Cc1ccc(Cl)nc1,-2,,-2,-2.076640444,-2.025546815,-2,-2.025546815,,1
26,4099,Iodosulfuron-methyl-sodium,COC(=O)c1ccc(I)cc1S(=O)(=O)[N-]C(=O)Nc2nc(C)nc(OC)n2,100,SHM,COC(=O)c1ccc(I)cc1S(=O)(=O)NC(=O)Nc1nc(C)nc(OC)n1,-2,,-1.944975908,-2,-1.977190934,-1.981893914,-1.977190934,,1
702,4100,"2-{2-Chloro-4-(methylsulfonyl)-3-[(2,2,2-trifluoroethoxy)methyl]benzoyl}-1,3-cyclohexanedione",CS(=O)(=O)c1ccc(C(=O)C2C(=O)CCCC2=O)c(Cl)c1COCC(F)(F)F,100,SHM,CS(=O)(=O)c1ccc(C(=O)C2C(=O)CCCC2=O)c(Cl)c1COCC(F)(F)F,-2,,-2,-2,-2,-2,-2,,1
130,4101,"(5-Hydroxy-1,3-dimethyl-1H-pyrazol-4-yl)[2-(methylsulfonyl)-4-(trifluoromethyl)phenyl]methanonato",Cc1nn(C)c(O)c1C(=O)c2ccc(cc2S(=O)(=O)C)C(F)(F)F,100,SHM,Cc1nn(C)c(O)c1C(=O)c1ccc(C(F)(F)F)cc1S(C)(=O)=O,-2,,-1.970811611,-2,-1.984402539,-1.983399273,-1.984402539,,1
1589,4102,"Maleic hydrazide, potassium salt",[O-]C1=CCC(=O)N=N1,104,SHM,O=C1CCC(=O)N=N1,-2.017033339,,-2,-3,-2.339011113,-2.017033339,-2.339011113,,1
947,4103,Mesosulfuron-methyl,COC(=O)c1ccc(CNS(=O)(=O)C)cc1S(=O)(=O)NC(=O)Nc2nc(OC)cc(OC)n2,105,SHM,COC(=O)c1ccc(CNS(C)(=O)=O)cc1S(=O)(=O)NC(=O)Nc1nc(OC)cc(OC)n1,-2.021189299,,-1.961421094,-2.021189299,-1.991671857,-1.992038517,-1.991671857,,1
726,4104,"Methyl 4-{[(3-methoxy-4-methyl-5-oxo-4,5-dihydro-1H-1,2,4-triazol-1-yl)carbonyl]sulfamoyl}-5-methyl-3-thiophenecarboxylate",COC(=O)c1csc(C)c1S(=O)(=O)NC(=O)N2N=C(OC)N(C)C2=O,106,SHM,COC(=O)c1csc(C)c1S(=O)(=O)NC(=O)n1nc(OC)n(C)c1=O,-2.025305865,,-2.017033339,-2.029383778,-2.02218908,-2.021169602,-2.02218908,,1
614,4105,Terbacil,CC1=C(Cl)C(=O)N(C(=O)N1)C(C)(C)C,108,SHM,Cc1[nH]c(=O)n(C(C)(C)C)c(=O)c1Cl,-2.033423755,,-1.664641976,-2.033423755,-1.84378077,-1.838528675,-1.84378077,,1
938,4106,Propoxycarbazone-sodium,CCCOC1=NN(C(=O)[N-]S(=O)(=O)c2ccccc2C(=O)OC)C(=O)N1C,108.3,SHM,CCCOc1nn(C(=O)NS(=O)(=O)c2ccccc2C(=O)OC)c(=O)n1C,-2.034628457,,-1.8876173,-2.034628457,-1.946539595,-1.931956312,-1.946539595,,1
662,4107,Propamocarb hydrochloride,CCCOC(=O)NCCCN(C)C,110,SHM,CCCOC(=O)NCCCN(C)C,-2.041392685,,-1.963787827,-2.041392685,-2.000203927,-1.997817597,-2.000203927,,1
973,4108,Rimsulfuron,CCS(=O)(=O)c1cccnc1S(=O)(=O)NC(=O)Nc2nc(OC)cc(OC)n2,110,SHM,CCS(=O)(=O)c1cccnc1S(=O)(=O)NC(=O)Nc1nc(OC)cc(OC)n1,-2.041392685,,-2.041392685,-2.591064607,-2.453646627,-2.591064607,-2.453646627,,1
1604,4109,Thiamethoxam,CN1COCN(Cc2cnc(Cl)s2)C1=N[N+](=O)[O-],111,SHM,CN1COCN(Cc2cnc(Cl)s2)C1=N[N+](=O)[O-],-2.045322979,,-2,-2.056904851,-2.034075943,-2.045322979,-2.034075943,,1
685,4110,Triasulfuron,COc1nc(C)nc(NC(=O)NS(=O)(=O)c2ccccc2OCCCl)n1,112,SHM,COc1nc(C)nc(NC(=O)NS(=O)(=O)c2ccccc2OCCCl)n1,-2.049218023,,-2,-2.049218023,-2.012304506,-2,-2.012304506,,1
948,4112,Pymetrozine,CC1=NNC(=O)N(C1)\N=C\c2cccnc2,117,SHM,CC1=NNC(=O)N(/N=C/c2cccnc2)C1,-2.068185862,,-2,-2.127104798,-2.075625157,-2.087697916,-2.075625157,,1
1518,4113,"1,3,5-Triazine-1,3,5(2H,4H,6H)-triethanol",OCCN1CN(CCO)CN(CCO)C1,118,SHM,OCCN1CN(CCO)CN(CCO)C1,-2.071882007,,-1.591064607,-2.071882007,-1.762065302,-1.62324929,-1.762065302,,1
744,4114,Amicarbazone,CC(C)C1=NN(C(=O)NC(C)(C)C)C(=O)N1N,118,SHM,CC(C)c1nn(C(=O)NC(C)(C)C)c(=O)n1N,-2.071882007,,-2.071882007,-2.108903128,-2.085148217,-2.079903866,-2.085148217,,1
933,4115,Thifensulfuron-methyl,COC(=O)c1sccc1S(=O)(=O)NC(=O)Nc2nc(C)nc(OC)n2,119,SHM,COC(=O)c1sccc1S(=O)(=O)NC(=O)Nc1nc(C)nc(OC)n1,-2.075546961,,-1.751279104,-2.075546961,-1.956706516,-2,-1.956706516,,1
687,4116,Topramezone,Cc1c(ccc(c1C2=NOCC2)S(=O)(=O)C)C(=O)c3cnn(C)c3O,119,SHM,Cc1c(C(=O)c2cnn(C)c2O)ccc(S(C)(=O)=O)c1C1=NOCC1,-2.075546961,,-1.975891136,-2.379124146,-2.107640561,-2.037773481,-2.107640561,,1
656,4118,Bispyribac-sodium,COc1cc(OC)nc(Oc2cccc(Oc3nc(OC)cc(OC)n3)c2C(=O)[O-])n1,120,SHM,COc1cc(OC)nc(Oc2cccc(Oc3nc(OC)cc(OC)n3)c2C(=O)O)n1,-2.079181246,,-1.977723605,-2.079181246,-2.018526299,-2.008600172,-2.018526299,,1
675,4119,Flonicamid,FC(F)(F)c1ccncc1C(=O)NCC#N,120,SHM,N#CCNC(=O)c1cnccc1C(F)(F)F,-2.079181246,,-1.990782692,-2.079181246,-2.016180221,-1.997378472,-2.016180221,,1
1121,4120,N-(3-Chloroallyl)hexaminium chloride,Cl\C=C\C[N+]12CN3CN(CN(C3)C1)C2,122,SHM,Cl/C=C/C[N+]12CN3CN(CN(C3)C1)C2,-2.086359831,,0.818156412,-2.086359831,-1.010588819,-1.387075929,-1.010588819,,1
1622,4121,Orthosulfamuron,COc1cc(OC)nc(NC(=O)NS(=O)(=O)Nc2ccccc2C(=O)N(C)C)n1,123,SHM,COc1cc(OC)nc(NC(=O)NS(=O)(=O)Nc2ccccc2C(=O)N(C)C)n1,-2.089905111,,-2.086359831,-2.152288344,-2.109517762,-2.089905111,-2.109517762,,1
1508,4122,Clethodim,CCSC(C)CC1CC(=C(C(=NOC\C=C\Cl)CC)C(=O)C1)O,124,SHM,CCSC(C)CC1CC(=O)C(C(CC)=NOC/C=C/Cl)C(=O)C1,-2.093421685,,-1.278753601,-2.093421685,-1.733020478,-1.779953313,-1.733020478,,1
755,4123,Halosulfuron-methyl,COC(=O)c1c(Cl)nn(C)c1S(=O)(=O)NC(=O)Nc2nc(OC)cc(OC)n2,125,SHM,COC(=O)c1c(Cl)nn(C)c1S(=O)(=O)NC(=O)Nc1nc(OC)cc(OC)n1,-2.096910013,,-1.322219295,-2.117271296,-1.740727966,-1.761710637,-1.740727966,,1
139,4124,6-Amino-5-chloro-2-cyclopropyl-4-pyrimidinecarboxylic acid,Nc1nc(nc(C(=O)O)c1Cl)C2CC2,129,SHM,Nc1nc(C2CC2)nc(C(=O)O)c1Cl,-2.11058971,,-2.079181246,-2.11058971,-2.088828008,-2.082770538,-2.088828008,,1
795,4125,Tribenuron-methyl,COC(=O)c1ccccc1S(=O)(=O)NC(=O)N(C)c2nc(C)nc(OC)n2,132,SHM,COC(=O)c1ccccc1S(=O)(=O)NC(=O)N(C)c1nc(C)nc(OC)n1,-2.120573931,,-2.120573931,-3,-2.747157573,-2.934028181,-2.747157573,,1
1642,4126,Isophorone,CC1=CC(=O)CC(C)(C)C1,140,SHM,CC1=CC(=O)CC(C)(C)C1,-2.146128036,,-2.146128036,-2.342422681,-2.216639573,-2.161368002,-2.216639573,,1
577,4127,Flazasulfuron,COc1cc(OC)nc(NC(=O)NS(=O)(=O)c2ncccc2C(F)(F)F)n1,140,SHM,COc1cc(OC)nc(NC(=O)NS(=O)(=O)c2ncccc2C(F)(F)F)n1,-2.146128036,,-1.342422681,-2.146128036,-1.885118658,-2.025961958,-1.885118658,,1
667,4128,Mepiquat chloride,C[N+]1(C)CCCCC1,151,SHM,C[N+]1(C)CCCCC1,-2.178976947,,-1.949390007,-2.178976947,-2.022127637,-2,-2.022127637,,1
684,4129,Prosulfuron,COc1nc(C)nc(NC(=O)NS(=O)(=O)c2ccccc2CCC(F)(F)F)n1,155,SHM,COc1nc(C)nc(NC(=O)NS(=O)(=O)c2ccccc2CCC(F)(F)F)n1,-2.190331698,,-2,-2.204119983,-2.146195845,-2.190331698,-2.146195845,,1
765,4130,Fomesafen-sodium,CS(=O)(=O)[N-]C(=O)c1cc(Oc2ccc(cc2Cl)C(F)(F)F)ccc1[N+](=O)[O-],163,SHM,CS(=O)(=O)NC(=O)c1cc(Oc2ccc(C(F)(F)F)cc2Cl)ccc1[N+](=O)[O-],-2.212187604,,-2.212187604,-3.780317312,-2.763865688,-2.531478917,-2.763865688,,1
1599,4131,Imidacloprid,[O-][N+](=O)N=C1NCCN1Cc2ccc(Cl)nc2,163,SHM,O=[N+]([O-])N=C1NCCN1Cc1ccc(Cl)nc1,-2.212187604,,-1.919078092,-2.212187604,-2.050818332,-2.021189299,-2.050818332,,1
1541,4132,"4,4-Dimethyloxazolidine",CC1(C)COCN1,218,SHM,CC1(C)COCN1,-2.338456494,,-1.770852012,-2.338456494,-2.029315151,-1.978636948,-2.029315151,,1
1648,4134,Polyethylene glycol isooctdecyl ether,CC(C)CCCCCCCCCCCCCCCOCCO,300,SHM,CC(C)CCCCCCCCCCCCCCCOCCO,-2.477121255,,-1.991226076,-2.477121255,-2.310248443,-2.462397998,-2.310248443,,1
1668,4136,n-Decane,CCCCCCCCCC,500,SHM,CCCCCCCCCC,-2.698970004,,-2.698970004,-2.72427587,-2.711622937,-2.711622937,-2.711622937,,1
1669,4137,Docosane,CCCCCCCCCCCCCCCCCCCCCC,500,SHM,CCCCCCCCCCCCCCCCCCCCCC,-2.698970004,,-2.698970004,-2.72427587,-2.711622937,-2.711622937,-2.711622937,,1
1650,4138,"2-(Hydroxymethyl)-2-nitro-1,3-propanediol",OCC(CO)(CO)[N+](=O)[O-],501,SHM,O=[N+]([O-])C(CO)(CO)CO,-2.699837726,,-2.447158031,-2.699837726,-2.525309567,-2.477121255,-2.525309567,,1
138,4139,Mesotrione,CS(=O)(=O)c1ccc(C(=O)C2C(=O)CCCC2=O)c(c1)[N+](=O)[O-],520,SHM,CS(=O)(=O)c1ccc(C(=O)C2C(=O)CCCC2=O)c([N+](=O)[O-])c1,-2.716003344,,-2.056904851,-2.716003344,-2.241508198,-2.096562299,-2.241508198,,1
1672,4140,Octachloronaphthalene,Clc1c(Cl)c(Cl)c2c(Cl)c(Cl)c(Cl)c(Cl)c2c1Cl,560,SHM,Clc1c(Cl)c(Cl)c2c(Cl)c(Cl)c(Cl)c(Cl)c2c1Cl,-2.748188027,,-2.748188027,-2.77815125,-2.763169639,-2.763169639,-2.763169639,,1
1685,4141,Metronidazole,Cc1ncc([N+](=O)[O-])n1CCO,1060,SHM,Cc1ncc([N+](=O)[O-])n1CCO,-3.025305865,,-2,-3.025305865,-2.675101955,-3,-2.675101955,,1
4142,4142,"1,3-Dioxolane",C1COCO1,10000,SHM,C1COCO1,-4,,,,,,-4,,1
4143,4143,"2-Ethyl-2-(hydroxymethyl)-1,3-propanediol",CCC(CO)(CO)CO,14400,SHM,CCC(CO)(CO)CO,-4.158362492,,,,,,-4.158362492,,1
2873,4144,"1,3,5-Trioxane",C1OCOCO1,16350,SHM,C1OCOCO1,-4.213517757,,-3.774516966,-4.213517757,-3.994017361,-3.994017361,-3.994017361,,1
2692,4145,Methenamine,C1N2CN3CN(CN1C3)C2,49000,SHM,C1N2CN3CN1CN(C2)C3,-4.69019608,,-4.69019608,-4.697229343,-4.693712711,-4.693712711,-4.693712711,,1
